-- phpMyAdmin SQL Dump
-- version 5.0.4
-- https://www.phpmyadmin.net/
--
-- Hôte : localhost
-- Généré le : lun. 21 mars 2022 à 22:34
-- Version du serveur :  5.7.11
-- Version de PHP : 8.0.3

SET SQL_MODE = "NO_AUTO_VALUE_ON_ZERO";
START TRANSACTION;
SET time_zone = "+00:00";


/*!40101 SET @OLD_CHARACTER_SET_CLIENT=@@CHARACTER_SET_CLIENT */;
/*!40101 SET @OLD_CHARACTER_SET_RESULTS=@@CHARACTER_SET_RESULTS */;
/*!40101 SET @OLD_COLLATION_CONNECTION=@@COLLATION_CONNECTION */;
/*!40101 SET NAMES utf8mb4 */;

--
-- Base de données : `ap_golf`
--

-- --------------------------------------------------------

--
-- Structure de la table `coups`
--

CREATE TABLE `coups` (
  `joueurId` int(3) NOT NULL,
  `parcoursId` int(3) NOT NULL,
  `trouId` int(2) NOT NULL,
  `couleur` varchar(20) COLLATE utf8mb4_unicode_ci NOT NULL,
  `saisonId` int(4) NOT NULL,
  `tournoiId` int(3) NOT NULL,
  `jour` int(2) NOT NULL,
  `nombreCoups` int(11) DEFAULT NULL
) ENGINE=InnoDB DEFAULT CHARSET=utf8mb4 COLLATE=utf8mb4_unicode_ci;

--
-- Déchargement des données de la table `coups`
--

INSERT INTO `coups` (`joueurId`, `parcoursId`, `trouId`, `couleur`, `saisonId`, `tournoiId`, `jour`, `nombreCoups`) VALUES
(1, 1, 1, 'Noir', 2022, 1, 1, 4),
(1, 1, 1, 'Noir', 2022, 1, 2, 2),
(1, 1, 2, 'Noir', 2022, 1, 1, 6),
(1, 1, 2, 'Noir', 2022, 1, 2, 10),
(1, 1, 3, 'Noir', 2022, 1, 1, 8),
(1, 1, 3, 'Noir', 2022, 1, 2, 7),
(1, 1, 4, 'Noir', 2022, 1, 1, 3),
(1, 1, 4, 'Noir', 2022, 1, 2, 10),
(1, 1, 5, 'Noir', 2022, 1, 1, 4),
(1, 1, 5, 'Noir', 2022, 1, 2, 2),
(1, 1, 6, 'Noir', 2022, 1, 1, 2),
(1, 1, 6, 'Noir', 2022, 1, 2, 9),
(1, 1, 7, 'Noir', 2022, 1, 1, 6),
(1, 1, 7, 'Noir', 2022, 1, 2, 10),
(1, 1, 8, 'Noir', 2022, 1, 1, 5),
(1, 1, 8, 'Noir', 2022, 1, 2, 11),
(1, 1, 9, 'Noir', 2022, 1, 1, 7),
(1, 1, 9, 'Noir', 2022, 1, 2, 2),
(1, 2, 1, 'Noir', 2022, 2, 1, 6),
(1, 2, 1, 'Noir', 2022, 2, 2, 10),
(1, 2, 2, 'Noir', 2022, 2, 1, 8),
(1, 2, 2, 'Noir', 2022, 2, 2, 7),
(1, 2, 3, 'Noir', 2022, 2, 1, 4),
(1, 2, 3, 'Noir', 2022, 2, 2, 2),
(1, 2, 4, 'Noir', 2022, 2, 1, 4),
(1, 2, 4, 'Noir', 2022, 2, 2, 2),
(1, 2, 5, 'Noir', 2022, 2, 1, 6),
(1, 2, 5, 'Noir', 2022, 2, 2, 10),
(1, 2, 6, 'Noir', 2022, 2, 1, 8),
(1, 2, 6, 'Noir', 2022, 2, 2, 7),
(1, 2, 7, 'Noir', 2022, 2, 1, 4),
(1, 2, 7, 'Noir', 2022, 2, 2, 2),
(1, 2, 8, 'Noir', 2022, 2, 1, 7),
(1, 2, 8, 'Noir', 2022, 2, 2, 2),
(1, 2, 9, 'Noir', 2022, 2, 1, 8),
(1, 2, 9, 'Noir', 2022, 2, 2, 7),
(1, 4, 1, 'Noir', 2022, 4, 1, 8),
(1, 4, 1, 'Noir', 2022, 4, 2, 8),
(1, 4, 2, 'Noir', 2022, 4, 1, 7),
(1, 4, 2, 'Noir', 2022, 4, 2, 4),
(1, 4, 3, 'Noir', 2022, 4, 1, 6),
(1, 4, 3, 'Noir', 2022, 4, 2, 6),
(1, 4, 4, 'Noir', 2022, 4, 1, 8),
(1, 4, 4, 'Noir', 2022, 4, 2, 3),
(1, 4, 5, 'Noir', 2022, 4, 1, 5),
(1, 4, 5, 'Noir', 2022, 4, 2, 5),
(1, 4, 6, 'Noir', 2022, 4, 1, 4),
(1, 4, 6, 'Noir', 2022, 4, 2, 11),
(1, 4, 7, 'Noir', 2022, 4, 1, 9),
(1, 4, 7, 'Noir', 2022, 4, 2, 6),
(1, 4, 8, 'Noir', 2022, 4, 1, 10),
(1, 4, 8, 'Noir', 2022, 4, 2, 7),
(1, 4, 9, 'Noir', 2022, 4, 1, 3),
(1, 4, 9, 'Noir', 2022, 4, 2, 4),
(2, 1, 1, 'Jaune', 2022, 1, 1, 6),
(2, 1, 1, 'Jaune', 2022, 1, 2, 10),
(2, 1, 2, 'Jaune', 2022, 1, 1, 5),
(2, 1, 2, 'Jaune', 2022, 1, 2, 11),
(2, 1, 3, 'Jaune', 2022, 1, 1, 8),
(2, 1, 3, 'Jaune', 2022, 1, 2, 7),
(2, 1, 4, 'Jaune', 2022, 1, 1, 3),
(2, 1, 4, 'Jaune', 2022, 1, 2, 10),
(2, 1, 5, 'Jaune', 2022, 1, 1, 4),
(2, 1, 5, 'Jaune', 2022, 1, 2, 2),
(2, 1, 6, 'Jaune', 2022, 1, 1, 2),
(2, 1, 6, 'Jaune', 2022, 1, 2, 9),
(2, 1, 7, 'Jaune', 2022, 1, 1, 7),
(2, 1, 7, 'Jaune', 2022, 1, 2, 2),
(2, 1, 8, 'Jaune', 2022, 1, 1, 7),
(2, 1, 8, 'Jaune', 2022, 1, 2, 2),
(2, 1, 9, 'Jaune', 2022, 1, 1, 7),
(2, 1, 9, 'Jaune', 2022, 1, 2, 2),
(2, 2, 1, 'Jaune', 2022, 2, 1, 6),
(2, 2, 1, 'Jaune', 2022, 2, 2, 10),
(2, 2, 2, 'Jaune', 2022, 2, 1, 8),
(2, 2, 2, 'Jaune', 2022, 2, 2, 7),
(2, 2, 3, 'Jaune', 2022, 2, 1, 4),
(2, 2, 3, 'Jaune', 2022, 2, 2, 2),
(2, 2, 4, 'Jaune', 2022, 2, 1, 4),
(2, 2, 4, 'Jaune', 2022, 2, 2, 2),
(2, 2, 5, 'Jaune', 2022, 2, 1, 6),
(2, 2, 5, 'Jaune', 2022, 2, 2, 10),
(2, 2, 6, 'Jaune', 2022, 2, 1, 8),
(2, 2, 6, 'Jaune', 2022, 2, 2, 7),
(2, 2, 7, 'Jaune', 2022, 2, 1, 4),
(2, 2, 7, 'Jaune', 2022, 2, 2, 2),
(2, 2, 8, 'Jaune', 2022, 2, 1, 7),
(2, 2, 8, 'Jaune', 2022, 2, 2, 2),
(2, 2, 9, 'Jaune', 2022, 2, 1, 8),
(2, 2, 9, 'Jaune', 2022, 2, 2, 7),
(2, 4, 1, 'Jaune', 2022, 4, 1, 5),
(2, 4, 1, 'Jaune', 2022, 4, 2, 7),
(2, 4, 2, 'Jaune', 2022, 4, 1, 7),
(2, 4, 2, 'Jaune', 2022, 4, 2, 4),
(2, 4, 3, 'Jaune', 2022, 4, 1, 6),
(2, 4, 3, 'Jaune', 2022, 4, 2, 5),
(2, 4, 4, 'Jaune', 2022, 4, 1, 7),
(2, 4, 4, 'Jaune', 2022, 4, 2, 3),
(2, 4, 5, 'Jaune', 2022, 4, 1, 5),
(2, 4, 5, 'Jaune', 2022, 4, 2, 5),
(2, 4, 6, 'Jaune', 2022, 4, 1, 3),
(2, 4, 6, 'Jaune', 2022, 4, 2, 10),
(2, 4, 7, 'Jaune', 2022, 4, 1, 9),
(2, 4, 7, 'Jaune', 2022, 4, 2, 6),
(2, 4, 8, 'Jaune', 2022, 4, 1, 9),
(2, 4, 8, 'Jaune', 2022, 4, 2, 7),
(2, 4, 9, 'Jaune', 2022, 4, 1, 3),
(2, 4, 9, 'Jaune', 2022, 4, 2, 4),
(3, 1, 1, 'Blanc', 2022, 1, 1, 6),
(3, 1, 1, 'Blanc', 2022, 1, 2, 10),
(3, 1, 2, 'Blanc', 2022, 1, 1, 11),
(3, 1, 2, 'Blanc', 2022, 1, 2, 11),
(3, 1, 3, 'Blanc', 2022, 1, 1, 6),
(3, 1, 3, 'Blanc', 2022, 1, 2, 10),
(3, 1, 4, 'Blanc', 2022, 1, 1, 3),
(3, 1, 4, 'Blanc', 2022, 1, 2, 10),
(3, 1, 5, 'Blanc', 2022, 1, 1, 4),
(3, 1, 5, 'Blanc', 2022, 1, 2, 2),
(3, 1, 6, 'Blanc', 2022, 1, 1, 3),
(3, 1, 6, 'Blanc', 2022, 1, 2, 10),
(3, 1, 7, 'Blanc', 2022, 1, 1, 5),
(3, 1, 7, 'Blanc', 2022, 1, 2, 11),
(3, 1, 8, 'Blanc', 2022, 1, 1, 8),
(3, 1, 8, 'Blanc', 2022, 1, 2, 7),
(3, 1, 9, 'Blanc', 2022, 1, 1, 9),
(3, 1, 9, 'Blanc', 2022, 1, 2, 11),
(3, 2, 1, 'Blanc', 2022, 2, 1, 6),
(3, 2, 1, 'Blanc', 2022, 2, 2, 10),
(3, 2, 2, 'Blanc', 2022, 2, 1, 8),
(3, 2, 2, 'Blanc', 2022, 2, 2, 7),
(3, 2, 3, 'Blanc', 2022, 2, 1, 4),
(3, 2, 3, 'Blanc', 2022, 2, 2, 2),
(3, 2, 4, 'Blanc', 2022, 2, 1, 4),
(3, 2, 4, 'Blanc', 2022, 2, 2, 2),
(3, 2, 5, 'Blanc', 2022, 2, 1, 6),
(3, 2, 5, 'Blanc', 2022, 2, 2, 10),
(3, 2, 6, 'Blanc', 2022, 2, 1, 8),
(3, 2, 6, 'Blanc', 2022, 2, 2, 7),
(3, 2, 7, 'Blanc', 2022, 2, 1, 4),
(3, 2, 7, 'Blanc', 2022, 2, 2, 2),
(3, 2, 8, 'Blanc', 2022, 2, 1, 7),
(3, 2, 8, 'Blanc', 2022, 2, 2, 2),
(3, 2, 9, 'Blanc', 2022, 2, 1, 8),
(3, 2, 9, 'Blanc', 2022, 2, 2, 7),
(3, 4, 1, 'Blanc', 2022, 4, 2, 7),
(3, 4, 2, 'Blanc', 2022, 4, 2, 3),
(3, 4, 3, 'Blanc', 2022, 4, 2, 5),
(3, 4, 4, 'Blanc', 2022, 4, 2, 3),
(3, 4, 5, 'Blanc', 2022, 4, 2, 5),
(3, 4, 6, 'Blanc', 2022, 4, 2, 10),
(3, 4, 7, 'Blanc', 2022, 4, 2, 6),
(3, 4, 8, 'Blanc', 2022, 4, 2, 7),
(3, 4, 9, 'Blanc', 2022, 4, 2, 4),
(4, 1, 1, 'Noir', 2022, 1, 1, 3),
(4, 1, 1, 'Noir', 2022, 1, 2, 10),
(4, 1, 2, 'Noir', 2022, 1, 1, 4),
(4, 1, 2, 'Noir', 2022, 1, 2, 2),
(4, 1, 3, 'Noir', 2022, 1, 1, 4),
(4, 1, 3, 'Noir', 2022, 1, 2, 2),
(4, 1, 4, 'Noir', 2022, 1, 1, 3),
(4, 1, 4, 'Noir', 2022, 1, 2, 10),
(4, 1, 5, 'Noir', 2022, 1, 1, 4),
(4, 1, 5, 'Noir', 2022, 1, 2, 2),
(4, 1, 6, 'Noir', 2022, 1, 1, 3),
(4, 1, 6, 'Noir', 2022, 1, 2, 10),
(4, 1, 7, 'Noir', 2022, 1, 1, 5),
(4, 1, 7, 'Noir', 2022, 1, 2, 11),
(4, 1, 8, 'Noir', 2022, 1, 1, 6),
(4, 1, 8, 'Noir', 2022, 1, 2, 10),
(4, 1, 9, 'Noir', 2022, 1, 1, 5),
(4, 1, 9, 'Noir', 2022, 1, 2, 11),
(4, 2, 1, 'Noir', 2022, 2, 1, 3),
(4, 2, 1, 'Noir', 2022, 2, 2, 10),
(4, 2, 2, 'Noir', 2022, 2, 1, 2),
(4, 2, 2, 'Noir', 2022, 2, 2, 9),
(4, 2, 3, 'Noir', 2022, 2, 1, 4),
(4, 2, 3, 'Noir', 2022, 2, 2, 2),
(4, 2, 4, 'Noir', 2022, 2, 1, 4),
(4, 2, 4, 'Noir', 2022, 2, 2, 2),
(4, 2, 5, 'Noir', 2022, 2, 1, 5),
(4, 2, 5, 'Noir', 2022, 2, 2, 11),
(4, 2, 6, 'Noir', 2022, 2, 1, 3),
(4, 2, 6, 'Noir', 2022, 2, 2, 10),
(4, 2, 7, 'Noir', 2022, 2, 1, 5),
(4, 2, 7, 'Noir', 2022, 2, 2, 11),
(4, 2, 8, 'Noir', 2022, 2, 1, 6),
(4, 2, 8, 'Noir', 2022, 2, 2, 10),
(4, 2, 9, 'Noir', 2022, 2, 1, 5),
(4, 2, 9, 'Noir', 2022, 2, 2, 11),
(4, 4, 1, 'Noir', 2022, 4, 1, 5),
(4, 4, 1, 'Noir', 2022, 4, 2, 5),
(4, 4, 2, 'Noir', 2022, 4, 1, 7),
(4, 4, 2, 'Noir', 2022, 4, 2, 3),
(4, 4, 3, 'Noir', 2022, 4, 1, 4),
(4, 4, 3, 'Noir', 2022, 4, 2, 5),
(4, 4, 4, 'Noir', 2022, 4, 1, 4),
(4, 4, 4, 'Noir', 2022, 4, 2, 3),
(4, 4, 5, 'Noir', 2022, 4, 1, 5),
(4, 4, 5, 'Noir', 2022, 4, 2, 6),
(4, 4, 6, 'Noir', 2022, 4, 1, 5),
(4, 4, 6, 'Noir', 2022, 4, 2, 8),
(4, 4, 7, 'Noir', 2022, 4, 1, 4),
(4, 4, 7, 'Noir', 2022, 4, 2, 6),
(4, 4, 8, 'Noir', 2022, 4, 1, 6),
(4, 4, 8, 'Noir', 2022, 4, 2, 7),
(4, 4, 9, 'Noir', 2022, 4, 1, 3),
(4, 4, 9, 'Noir', 2022, 4, 2, 4),
(5, 1, 1, 'Jaune', 2022, 1, 1, 3),
(5, 1, 1, 'Jaune', 2022, 1, 2, 10),
(5, 1, 2, 'Jaune', 2022, 1, 1, 4),
(5, 1, 2, 'Jaune', 2022, 1, 2, 2),
(5, 1, 3, 'Jaune', 2022, 1, 1, 4),
(5, 1, 3, 'Jaune', 2022, 1, 2, 2),
(5, 1, 4, 'Jaune', 2022, 1, 1, 3),
(5, 1, 4, 'Jaune', 2022, 1, 2, 10),
(5, 1, 5, 'Jaune', 2022, 1, 1, 4),
(5, 1, 5, 'Jaune', 2022, 1, 2, 2),
(5, 1, 6, 'Jaune', 2022, 1, 1, 3),
(5, 1, 6, 'Jaune', 2022, 1, 2, 10),
(5, 1, 7, 'Jaune', 2022, 1, 1, 5),
(5, 1, 7, 'Jaune', 2022, 1, 2, 11),
(5, 1, 8, 'Jaune', 2022, 1, 1, 4),
(5, 1, 8, 'Jaune', 2022, 1, 2, 2),
(5, 1, 9, 'Jaune', 2022, 1, 1, 5),
(5, 1, 9, 'Jaune', 2022, 1, 2, 11),
(5, 2, 1, 'Jaune', 2022, 2, 1, 3),
(5, 2, 1, 'Jaune', 2022, 2, 2, 10),
(5, 2, 2, 'Jaune', 2022, 2, 1, 2),
(5, 2, 2, 'Jaune', 2022, 2, 2, 9),
(5, 2, 3, 'Jaune', 2022, 2, 1, 4),
(5, 2, 3, 'Jaune', 2022, 2, 2, 2),
(5, 2, 4, 'Jaune', 2022, 2, 1, 4),
(5, 2, 4, 'Jaune', 2022, 2, 2, 2),
(5, 2, 5, 'Jaune', 2022, 2, 1, 5),
(5, 2, 5, 'Jaune', 2022, 2, 2, 11),
(5, 2, 6, 'Jaune', 2022, 2, 1, 3),
(5, 2, 6, 'Jaune', 2022, 2, 2, 10),
(5, 2, 7, 'Jaune', 2022, 2, 1, 5),
(5, 2, 7, 'Jaune', 2022, 2, 2, 11),
(5, 2, 8, 'Jaune', 2022, 2, 1, 6),
(5, 2, 8, 'Jaune', 2022, 2, 2, 10),
(5, 2, 9, 'Jaune', 2022, 2, 1, 5),
(5, 2, 9, 'Jaune', 2022, 2, 2, 11),
(5, 4, 1, 'Jaune', 2022, 4, 1, 4),
(5, 4, 1, 'Jaune', 2022, 4, 2, 5),
(5, 4, 2, 'Jaune', 2022, 4, 1, 7),
(5, 4, 2, 'Jaune', 2022, 4, 2, 3),
(5, 4, 3, 'Jaune', 2022, 4, 1, 4),
(5, 4, 3, 'Jaune', 2022, 4, 2, 5),
(5, 4, 4, 'Jaune', 2022, 4, 1, 4),
(5, 4, 4, 'Jaune', 2022, 4, 2, 2),
(5, 4, 5, 'Jaune', 2022, 4, 1, 3),
(5, 4, 5, 'Jaune', 2022, 4, 2, 6),
(5, 4, 6, 'Jaune', 2022, 4, 1, 5),
(5, 4, 6, 'Jaune', 2022, 4, 2, 7),
(5, 4, 7, 'Jaune', 2022, 4, 1, 4),
(5, 4, 7, 'Jaune', 2022, 4, 2, 6),
(5, 4, 8, 'Jaune', 2022, 4, 1, 7),
(5, 4, 8, 'Jaune', 2022, 4, 2, 7),
(5, 4, 9, 'Jaune', 2022, 4, 1, 2),
(5, 4, 9, 'Jaune', 2022, 4, 2, 4),
(6, 1, 1, 'Blanc', 2022, 1, 1, 5),
(6, 1, 1, 'Blanc', 2022, 1, 2, 11),
(6, 1, 2, 'Blanc', 2022, 1, 1, 4),
(6, 1, 2, 'Blanc', 2022, 1, 2, 2),
(6, 1, 3, 'Blanc', 2022, 1, 1, 4),
(6, 1, 3, 'Blanc', 2022, 1, 2, 2),
(6, 1, 4, 'Blanc', 2022, 1, 1, 3),
(6, 1, 4, 'Blanc', 2022, 1, 2, 10),
(6, 1, 5, 'Blanc', 2022, 1, 1, 4),
(6, 1, 5, 'Blanc', 2022, 1, 2, 2),
(6, 1, 6, 'Blanc', 2022, 1, 1, 3),
(6, 1, 6, 'Blanc', 2022, 1, 2, 10),
(6, 1, 7, 'Blanc', 2022, 1, 1, 5),
(6, 1, 7, 'Blanc', 2022, 1, 2, 11),
(6, 1, 8, 'Blanc', 2022, 1, 1, 4),
(6, 1, 8, 'Blanc', 2022, 1, 2, 2),
(6, 1, 9, 'Blanc', 2022, 1, 1, 5),
(6, 1, 9, 'Blanc', 2022, 1, 2, 11),
(6, 2, 1, 'Blanc', 2022, 2, 1, 3),
(6, 2, 1, 'Blanc', 2022, 2, 2, 10),
(6, 2, 2, 'Blanc', 2022, 2, 1, 2),
(6, 2, 2, 'Blanc', 2022, 2, 2, 9),
(6, 2, 3, 'Blanc', 2022, 2, 1, 4),
(6, 2, 3, 'Blanc', 2022, 2, 2, 2),
(6, 2, 4, 'Blanc', 2022, 2, 1, 4),
(6, 2, 4, 'Blanc', 2022, 2, 2, 2),
(6, 2, 5, 'Blanc', 2022, 2, 1, 5),
(6, 2, 5, 'Blanc', 2022, 2, 2, 11),
(6, 2, 6, 'Blanc', 2022, 2, 1, 3),
(6, 2, 6, 'Blanc', 2022, 2, 2, 10),
(6, 2, 7, 'Blanc', 2022, 2, 1, 5),
(6, 2, 7, 'Blanc', 2022, 2, 2, 11),
(6, 2, 8, 'Blanc', 2022, 2, 1, 6),
(6, 2, 8, 'Blanc', 2022, 2, 2, 10),
(6, 2, 9, 'Blanc', 2022, 2, 1, 5),
(6, 2, 9, 'Blanc', 2022, 2, 2, 11),
(6, 4, 1, 'Blanc', 2022, 4, 1, 4),
(6, 4, 1, 'Blanc', 2022, 4, 2, 4),
(6, 4, 2, 'Blanc', 2022, 4, 1, 7),
(6, 4, 2, 'Blanc', 2022, 4, 2, 3),
(6, 4, 3, 'Blanc', 2022, 4, 1, 4),
(6, 4, 3, 'Blanc', 2022, 4, 2, 5),
(6, 4, 4, 'Blanc', 2022, 4, 1, 5),
(6, 4, 4, 'Blanc', 2022, 4, 2, 2),
(6, 4, 5, 'Blanc', 2022, 4, 1, 3),
(6, 4, 5, 'Blanc', 2022, 4, 2, 6),
(6, 4, 6, 'Blanc', 2022, 4, 1, 5),
(6, 4, 6, 'Blanc', 2022, 4, 2, 5),
(6, 4, 7, 'Blanc', 2022, 4, 1, 6),
(6, 4, 7, 'Blanc', 2022, 4, 2, 6),
(6, 4, 8, 'Blanc', 2022, 4, 1, 6),
(6, 4, 8, 'Blanc', 2022, 4, 2, 7),
(6, 4, 9, 'Blanc', 2022, 4, 1, 3),
(6, 4, 9, 'Blanc', 2022, 4, 2, 4),
(7, 1, 1, 'Noir', 2022, 1, 1, 2),
(7, 1, 1, 'Noir', 2022, 1, 2, 9),
(7, 1, 2, 'Noir', 2022, 1, 1, 4),
(7, 1, 2, 'Noir', 2022, 1, 2, 2),
(7, 1, 3, 'Noir', 2022, 1, 1, 4),
(7, 1, 3, 'Noir', 2022, 1, 2, 2),
(7, 1, 4, 'Noir', 2022, 1, 1, 3),
(7, 1, 4, 'Noir', 2022, 1, 2, 10),
(7, 1, 5, 'Noir', 2022, 1, 1, 4),
(7, 1, 5, 'Noir', 2022, 1, 2, 2),
(7, 1, 6, 'Noir', 2022, 1, 1, 3),
(7, 1, 6, 'Noir', 2022, 1, 2, 10),
(7, 1, 7, 'Noir', 2022, 1, 1, 4),
(7, 1, 7, 'Noir', 2022, 1, 2, 2),
(7, 1, 8, 'Noir', 2022, 1, 1, 3),
(7, 1, 8, 'Noir', 2022, 1, 2, 10),
(7, 1, 9, 'Noir', 2022, 1, 1, 5),
(7, 1, 9, 'Noir', 2022, 1, 2, 11),
(7, 2, 1, 'Noir', 2022, 2, 1, 8),
(7, 2, 1, 'Noir', 2022, 2, 2, 7),
(7, 2, 2, 'Noir', 2022, 2, 1, 9),
(7, 2, 2, 'Noir', 2022, 2, 2, 11),
(7, 2, 3, 'Noir', 2022, 2, 1, 8),
(7, 2, 3, 'Noir', 2022, 2, 2, 7),
(7, 2, 4, 'Noir', 2022, 2, 1, 7),
(7, 2, 4, 'Noir', 2022, 2, 2, 2),
(7, 2, 5, 'Noir', 2022, 2, 1, 11),
(7, 2, 5, 'Noir', 2022, 2, 2, 11),
(7, 2, 6, 'Noir', 2022, 2, 1, 10),
(7, 2, 6, 'Noir', 2022, 2, 2, 10),
(7, 2, 7, 'Noir', 2022, 2, 1, 8),
(7, 2, 7, 'Noir', 2022, 2, 2, 7),
(7, 2, 8, 'Noir', 2022, 2, 1, 9),
(7, 2, 8, 'Noir', 2022, 2, 2, 11),
(7, 2, 9, 'Noir', 2022, 2, 1, 7),
(7, 2, 9, 'Noir', 2022, 2, 2, 2),
(7, 4, 1, 'Noir', 2022, 4, 1, 2),
(7, 4, 1, 'Noir', 2022, 4, 2, 3),
(7, 4, 2, 'Noir', 2022, 4, 1, 5),
(7, 4, 2, 'Noir', 2022, 4, 2, 3),
(7, 4, 3, 'Noir', 2022, 4, 1, 3),
(7, 4, 3, 'Noir', 2022, 4, 2, 5),
(7, 4, 4, 'Noir', 2022, 4, 1, 4),
(7, 4, 4, 'Noir', 2022, 4, 2, 2),
(7, 4, 5, 'Noir', 2022, 4, 1, 3),
(7, 4, 5, 'Noir', 2022, 4, 2, 5),
(7, 4, 6, 'Noir', 2022, 4, 1, 3),
(7, 4, 6, 'Noir', 2022, 4, 2, 4),
(7, 4, 7, 'Noir', 2022, 4, 1, 4),
(7, 4, 7, 'Noir', 2022, 4, 2, 6),
(7, 4, 8, 'Noir', 2022, 4, 1, 3),
(7, 4, 8, 'Noir', 2022, 4, 2, 3),
(7, 4, 9, 'Noir', 2022, 4, 1, 3),
(7, 4, 9, 'Noir', 2022, 4, 2, 4),
(8, 1, 1, 'Jaune', 2022, 1, 1, 2),
(8, 1, 1, 'Jaune', 2022, 1, 2, 9),
(8, 1, 2, 'Jaune', 2022, 1, 1, 4),
(8, 1, 2, 'Jaune', 2022, 1, 2, 2),
(8, 1, 3, 'Jaune', 2022, 1, 1, 4),
(8, 1, 3, 'Jaune', 2022, 1, 2, 2),
(8, 1, 4, 'Jaune', 2022, 1, 1, 3),
(8, 1, 4, 'Jaune', 2022, 1, 2, 10),
(8, 1, 5, 'Jaune', 2022, 1, 1, 5),
(8, 1, 5, 'Jaune', 2022, 1, 2, 11),
(8, 1, 6, 'Jaune', 2022, 1, 1, 3),
(8, 1, 6, 'Jaune', 2022, 1, 2, 10),
(8, 1, 7, 'Jaune', 2022, 1, 1, 3),
(8, 1, 7, 'Jaune', 2022, 1, 2, 10),
(8, 1, 8, 'Jaune', 2022, 1, 1, 3),
(8, 1, 8, 'Jaune', 2022, 1, 2, 10),
(8, 1, 9, 'Jaune', 2022, 1, 1, 5),
(8, 1, 9, 'Jaune', 2022, 1, 2, 11),
(8, 2, 1, 'Jaune', 2022, 2, 1, 8),
(8, 2, 1, 'Jaune', 2022, 2, 2, 7),
(8, 2, 2, 'Jaune', 2022, 2, 1, 9),
(8, 2, 2, 'Jaune', 2022, 2, 2, 11),
(8, 2, 3, 'Jaune', 2022, 2, 1, 8),
(8, 2, 3, 'Jaune', 2022, 2, 2, 7),
(8, 2, 4, 'Jaune', 2022, 2, 1, 7),
(8, 2, 4, 'Jaune', 2022, 2, 2, 2),
(8, 2, 5, 'Jaune', 2022, 2, 1, 11),
(8, 2, 5, 'Jaune', 2022, 2, 2, 11),
(8, 2, 6, 'Jaune', 2022, 2, 1, 10),
(8, 2, 6, 'Jaune', 2022, 2, 2, 10),
(8, 2, 7, 'Jaune', 2022, 2, 1, 8),
(8, 2, 7, 'Jaune', 2022, 2, 2, 7),
(8, 2, 8, 'Jaune', 2022, 2, 1, 9),
(8, 2, 8, 'Jaune', 2022, 2, 2, 11),
(8, 2, 9, 'Jaune', 2022, 2, 1, 7),
(8, 2, 9, 'Jaune', 2022, 2, 2, 2),
(8, 4, 1, 'Jaune', 2022, 4, 1, 2),
(8, 4, 1, 'Jaune', 2022, 4, 2, 3),
(8, 4, 2, 'Jaune', 2022, 4, 1, 4),
(8, 4, 2, 'Jaune', 2022, 4, 2, 3),
(8, 4, 3, 'Jaune', 2022, 4, 1, 3),
(8, 4, 3, 'Jaune', 2022, 4, 2, 5),
(8, 4, 4, 'Jaune', 2022, 4, 1, 4),
(8, 4, 4, 'Jaune', 2022, 4, 2, 2),
(8, 4, 5, 'Jaune', 2022, 4, 1, 3),
(8, 4, 5, 'Jaune', 2022, 4, 2, 4),
(8, 4, 6, 'Jaune', 2022, 4, 1, 3),
(8, 4, 6, 'Jaune', 2022, 4, 2, 4),
(8, 4, 7, 'Jaune', 2022, 4, 1, 3),
(8, 4, 7, 'Jaune', 2022, 4, 2, 6),
(8, 4, 8, 'Jaune', 2022, 4, 1, 3),
(8, 4, 8, 'Jaune', 2022, 4, 2, 3),
(8, 4, 9, 'Jaune', 2022, 4, 1, 3),
(8, 4, 9, 'Jaune', 2022, 4, 2, 4),
(9, 1, 1, 'Blanc', 2022, 1, 1, 5),
(9, 1, 1, 'Blanc', 2022, 1, 2, 11),
(9, 1, 2, 'Blanc', 2022, 1, 1, 7),
(9, 1, 2, 'Blanc', 2022, 1, 2, 2),
(9, 1, 3, 'Blanc', 2022, 1, 1, 4),
(9, 1, 3, 'Blanc', 2022, 1, 2, 2),
(9, 1, 4, 'Blanc', 2022, 1, 1, 3),
(9, 1, 4, 'Blanc', 2022, 1, 2, 10),
(9, 1, 5, 'Blanc', 2022, 1, 1, 5),
(9, 1, 5, 'Blanc', 2022, 1, 2, 11),
(9, 1, 6, 'Blanc', 2022, 1, 1, 6),
(9, 1, 6, 'Blanc', 2022, 1, 2, 10),
(9, 1, 7, 'Blanc', 2022, 1, 1, 8),
(9, 1, 7, 'Blanc', 2022, 1, 2, 7),
(9, 1, 8, 'Blanc', 2022, 1, 1, 10),
(9, 1, 8, 'Blanc', 2022, 1, 2, 10),
(9, 1, 9, 'Blanc', 2022, 1, 1, 6),
(9, 1, 9, 'Blanc', 2022, 1, 2, 10),
(9, 2, 1, 'Blanc', 2022, 2, 1, 8),
(9, 2, 1, 'Blanc', 2022, 2, 2, 7),
(9, 2, 2, 'Blanc', 2022, 2, 1, 9),
(9, 2, 2, 'Blanc', 2022, 2, 2, 11),
(9, 2, 3, 'Blanc', 2022, 2, 1, 8),
(9, 2, 3, 'Blanc', 2022, 2, 2, 7),
(9, 2, 4, 'Blanc', 2022, 2, 1, 7),
(9, 2, 4, 'Blanc', 2022, 2, 2, 2),
(9, 2, 5, 'Blanc', 2022, 2, 1, 11),
(9, 2, 5, 'Blanc', 2022, 2, 2, 11),
(9, 2, 6, 'Blanc', 2022, 2, 1, 10),
(9, 2, 6, 'Blanc', 2022, 2, 2, 10),
(9, 2, 7, 'Blanc', 2022, 2, 1, 8),
(9, 2, 7, 'Blanc', 2022, 2, 2, 7),
(9, 2, 8, 'Blanc', 2022, 2, 1, 9),
(9, 2, 8, 'Blanc', 2022, 2, 2, 11),
(9, 2, 9, 'Blanc', 2022, 2, 1, 7),
(9, 2, 9, 'Blanc', 2022, 2, 2, 2),
(9, 4, 1, 'Blanc', 2022, 4, 1, 5),
(9, 4, 1, 'Blanc', 2022, 4, 2, 3),
(9, 4, 2, 'Blanc', 2022, 4, 1, 4),
(9, 4, 2, 'Blanc', 2022, 4, 2, 3),
(9, 4, 3, 'Blanc', 2022, 4, 1, 3),
(9, 4, 3, 'Blanc', 2022, 4, 2, 5),
(9, 4, 4, 'Blanc', 2022, 4, 1, 6),
(9, 4, 4, 'Blanc', 2022, 4, 2, 2),
(9, 4, 5, 'Blanc', 2022, 4, 1, 3),
(9, 4, 5, 'Blanc', 2022, 4, 2, 4),
(9, 4, 6, 'Blanc', 2022, 4, 1, 4),
(9, 4, 6, 'Blanc', 2022, 4, 2, 4),
(9, 4, 7, 'Blanc', 2022, 4, 1, 6),
(9, 4, 7, 'Blanc', 2022, 4, 2, 5),
(9, 4, 8, 'Blanc', 2022, 4, 1, 3),
(9, 4, 8, 'Blanc', 2022, 4, 2, 3),
(9, 4, 9, 'Blanc', 2022, 4, 1, 2),
(9, 4, 9, 'Blanc', 2022, 4, 2, 4),
(10, 1, 1, 'Noir', 2022, 1, 1, 6),
(10, 1, 1, 'Noir', 2022, 1, 2, 10),
(10, 1, 2, 'Noir', 2022, 1, 1, 7),
(10, 1, 2, 'Noir', 2022, 1, 2, 2),
(10, 1, 3, 'Noir', 2022, 1, 1, 8),
(10, 1, 3, 'Noir', 2022, 1, 2, 7),
(10, 1, 4, 'Noir', 2022, 1, 1, 3),
(10, 1, 4, 'Noir', 2022, 1, 2, 10),
(10, 1, 5, 'Noir', 2022, 1, 1, 5),
(10, 1, 5, 'Noir', 2022, 1, 2, 11),
(10, 1, 6, 'Noir', 2022, 1, 1, 6),
(10, 1, 6, 'Noir', 2022, 1, 2, 10),
(10, 1, 7, 'Noir', 2022, 1, 1, 8),
(10, 1, 7, 'Noir', 2022, 1, 2, 7),
(10, 1, 8, 'Noir', 2022, 1, 1, 10),
(10, 1, 8, 'Noir', 2022, 1, 2, 10),
(10, 1, 9, 'Noir', 2022, 1, 1, 6),
(10, 1, 9, 'Noir', 2022, 1, 2, 10),
(10, 2, 1, 'Noir', 2022, 2, 1, 8),
(10, 2, 1, 'Noir', 2022, 2, 2, 7),
(10, 2, 2, 'Noir', 2022, 2, 1, 7),
(10, 2, 2, 'Noir', 2022, 2, 2, 2),
(10, 2, 3, 'Noir', 2022, 2, 1, 8),
(10, 2, 3, 'Noir', 2022, 2, 2, 7),
(10, 2, 4, 'Noir', 2022, 2, 1, 7),
(10, 2, 4, 'Noir', 2022, 2, 2, 2),
(10, 2, 5, 'Noir', 2022, 2, 1, 6),
(10, 2, 5, 'Noir', 2022, 2, 2, 10),
(10, 2, 6, 'Noir', 2022, 2, 1, 8),
(10, 2, 6, 'Noir', 2022, 2, 2, 7),
(10, 2, 7, 'Noir', 2022, 2, 1, 8),
(10, 2, 7, 'Noir', 2022, 2, 2, 7),
(10, 2, 8, 'Noir', 2022, 2, 1, 5),
(10, 2, 8, 'Noir', 2022, 2, 2, 11),
(10, 2, 9, 'Noir', 2022, 2, 1, 7),
(10, 2, 9, 'Noir', 2022, 2, 2, 2),
(10, 4, 1, 'Noir', 2022, 4, 1, 8),
(10, 4, 1, 'Noir', 2022, 4, 2, 3),
(10, 4, 2, 'Noir', 2022, 4, 1, 4),
(10, 4, 2, 'Noir', 2022, 4, 2, 2),
(10, 4, 3, 'Noir', 2022, 4, 1, 11),
(10, 4, 3, 'Noir', 2022, 4, 2, 5),
(10, 4, 4, 'Noir', 2022, 4, 1, 6),
(10, 4, 4, 'Noir', 2022, 4, 2, 2),
(10, 4, 5, 'Noir', 2022, 4, 1, 6),
(10, 4, 5, 'Noir', 2022, 4, 2, 4),
(10, 4, 6, 'Noir', 2022, 4, 1, 4),
(10, 4, 6, 'Noir', 2022, 4, 2, 4),
(10, 4, 7, 'Noir', 2022, 4, 1, 7),
(10, 4, 7, 'Noir', 2022, 4, 2, 5),
(10, 4, 8, 'Noir', 2022, 4, 1, 5),
(10, 4, 8, 'Noir', 2022, 4, 2, 3),
(10, 4, 9, 'Noir', 2022, 4, 1, 4),
(10, 4, 9, 'Noir', 2022, 4, 2, 4),
(11, 1, 1, 'Jaune', 2022, 1, 1, 6),
(11, 1, 1, 'Jaune', 2022, 1, 2, 10),
(11, 1, 2, 'Jaune', 2022, 1, 1, 6),
(11, 1, 2, 'Jaune', 2022, 1, 2, 10),
(11, 1, 3, 'Jaune', 2022, 1, 1, 6),
(11, 1, 3, 'Jaune', 2022, 1, 2, 10),
(11, 1, 4, 'Jaune', 2022, 1, 1, 3),
(11, 1, 4, 'Jaune', 2022, 1, 2, 10),
(11, 1, 5, 'Jaune', 2022, 1, 1, 5),
(11, 1, 5, 'Jaune', 2022, 1, 2, 11),
(11, 1, 6, 'Jaune', 2022, 1, 1, 6),
(11, 1, 6, 'Jaune', 2022, 1, 2, 10),
(11, 1, 7, 'Jaune', 2022, 1, 1, 8),
(11, 1, 7, 'Jaune', 2022, 1, 2, 7),
(11, 1, 8, 'Jaune', 2022, 1, 1, 8),
(11, 1, 8, 'Jaune', 2022, 1, 2, 7),
(11, 1, 9, 'Jaune', 2022, 1, 1, 6),
(11, 1, 9, 'Jaune', 2022, 1, 2, 10),
(11, 2, 1, 'Jaune', 2022, 2, 1, 8),
(11, 2, 1, 'Jaune', 2022, 2, 2, 7),
(11, 2, 2, 'Jaune', 2022, 2, 1, 7),
(11, 2, 2, 'Jaune', 2022, 2, 2, 2),
(11, 2, 3, 'Jaune', 2022, 2, 1, 8),
(11, 2, 3, 'Jaune', 2022, 2, 2, 7),
(11, 2, 4, 'Jaune', 2022, 2, 1, 7),
(11, 2, 4, 'Jaune', 2022, 2, 2, 2),
(11, 2, 5, 'Jaune', 2022, 2, 1, 6),
(11, 2, 5, 'Jaune', 2022, 2, 2, 10),
(11, 2, 6, 'Jaune', 2022, 2, 1, 8),
(11, 2, 6, 'Jaune', 2022, 2, 2, 7),
(11, 2, 7, 'Jaune', 2022, 2, 1, 8),
(11, 2, 7, 'Jaune', 2022, 2, 2, 7),
(11, 2, 8, 'Jaune', 2022, 2, 1, 5),
(11, 2, 8, 'Jaune', 2022, 2, 2, 11),
(11, 2, 9, 'Jaune', 2022, 2, 1, 7),
(11, 2, 9, 'Jaune', 2022, 2, 2, 2),
(11, 4, 1, 'Jaune', 2022, 4, 1, 11),
(11, 4, 1, 'Jaune', 2022, 4, 2, 5),
(11, 4, 2, 'Jaune', 2022, 4, 1, 5),
(11, 4, 2, 'Jaune', 2022, 4, 2, 2),
(11, 4, 3, 'Jaune', 2022, 4, 1, 10),
(11, 4, 3, 'Jaune', 2022, 4, 2, 5),
(11, 4, 4, 'Jaune', 2022, 4, 1, 6),
(11, 4, 4, 'Jaune', 2022, 4, 2, 2),
(11, 4, 5, 'Jaune', 2022, 4, 1, 6),
(11, 4, 5, 'Jaune', 2022, 4, 2, 5),
(11, 4, 6, 'Jaune', 2022, 4, 1, 5),
(11, 4, 6, 'Jaune', 2022, 4, 2, 4),
(11, 4, 7, 'Jaune', 2022, 4, 1, 7),
(11, 4, 7, 'Jaune', 2022, 4, 2, 5),
(11, 4, 8, 'Jaune', 2022, 4, 1, 5),
(11, 4, 8, 'Jaune', 2022, 4, 2, 3),
(11, 4, 9, 'Jaune', 2022, 4, 1, 4),
(11, 4, 9, 'Jaune', 2022, 4, 2, 4),
(12, 1, 1, 'Blanc', 2022, 1, 1, 6),
(12, 1, 1, 'Blanc', 2022, 1, 2, 10),
(12, 1, 2, 'Blanc', 2022, 1, 1, 6),
(12, 1, 2, 'Blanc', 2022, 1, 2, 10),
(12, 1, 3, 'Blanc', 2022, 1, 1, 5),
(12, 1, 3, 'Blanc', 2022, 1, 2, 11),
(12, 1, 4, 'Blanc', 2022, 1, 1, 3),
(12, 1, 4, 'Blanc', 2022, 1, 2, 10),
(12, 1, 5, 'Blanc', 2022, 1, 1, 5),
(12, 1, 5, 'Blanc', 2022, 1, 2, 11),
(12, 1, 6, 'Blanc', 2022, 1, 1, 6),
(12, 1, 6, 'Blanc', 2022, 1, 2, 10),
(12, 1, 7, 'Blanc', 2022, 1, 1, 8),
(12, 1, 7, 'Blanc', 2022, 1, 2, 7),
(12, 1, 8, 'Blanc', 2022, 1, 1, 8),
(12, 1, 8, 'Blanc', 2022, 1, 2, 7),
(12, 1, 9, 'Blanc', 2022, 1, 1, 6),
(12, 1, 9, 'Blanc', 2022, 1, 2, 10),
(12, 2, 1, 'Blanc', 2022, 2, 1, 8),
(12, 2, 1, 'Blanc', 2022, 2, 2, 7),
(12, 2, 2, 'Blanc', 2022, 2, 1, 7),
(12, 2, 2, 'Blanc', 2022, 2, 2, 2),
(12, 2, 3, 'Blanc', 2022, 2, 1, 8),
(12, 2, 3, 'Blanc', 2022, 2, 2, 7),
(12, 2, 4, 'Blanc', 2022, 2, 1, 7),
(12, 2, 4, 'Blanc', 2022, 2, 2, 2),
(12, 2, 5, 'Blanc', 2022, 2, 1, 6),
(12, 2, 5, 'Blanc', 2022, 2, 2, 10),
(12, 2, 6, 'Blanc', 2022, 2, 1, 8),
(12, 2, 6, 'Blanc', 2022, 2, 2, 7),
(12, 2, 7, 'Blanc', 2022, 2, 1, 8),
(12, 2, 7, 'Blanc', 2022, 2, 2, 7),
(12, 2, 8, 'Blanc', 2022, 2, 1, 5),
(12, 2, 8, 'Blanc', 2022, 2, 2, 11),
(12, 2, 9, 'Blanc', 2022, 2, 1, 7),
(12, 2, 9, 'Blanc', 2022, 2, 2, 2),
(12, 4, 1, 'Blanc', 2022, 4, 1, 11),
(12, 4, 1, 'Blanc', 2022, 4, 2, 2),
(12, 4, 2, 'Blanc', 2022, 4, 1, 5),
(12, 4, 2, 'Blanc', 2022, 4, 2, 2),
(12, 4, 3, 'Blanc', 2022, 4, 1, 9),
(12, 4, 3, 'Blanc', 2022, 4, 2, 5),
(12, 4, 4, 'Blanc', 2022, 4, 1, 6),
(12, 4, 4, 'Blanc', 2022, 4, 2, 2),
(12, 4, 5, 'Blanc', 2022, 4, 1, 6),
(12, 4, 5, 'Blanc', 2022, 4, 2, 5),
(12, 4, 6, 'Blanc', 2022, 4, 1, 4),
(12, 4, 6, 'Blanc', 2022, 4, 2, 3),
(12, 4, 7, 'Blanc', 2022, 4, 1, 6),
(12, 4, 7, 'Blanc', 2022, 4, 2, 5),
(12, 4, 8, 'Blanc', 2022, 4, 1, 3),
(12, 4, 8, 'Blanc', 2022, 4, 2, 3),
(12, 4, 9, 'Blanc', 2022, 4, 1, 5),
(12, 4, 9, 'Blanc', 2022, 4, 2, 4),
(13, 1, 1, 'Noir', 2022, 1, 1, 2),
(13, 1, 1, 'Noir', 2022, 1, 2, 9),
(13, 1, 2, 'Noir', 2022, 1, 1, 6),
(13, 1, 2, 'Noir', 2022, 1, 2, 10),
(13, 1, 3, 'Noir', 2022, 1, 1, 8),
(13, 1, 3, 'Noir', 2022, 1, 2, 7),
(13, 1, 4, 'Noir', 2022, 1, 1, 3),
(13, 1, 4, 'Noir', 2022, 1, 2, 10),
(13, 1, 5, 'Noir', 2022, 1, 1, 5),
(13, 1, 5, 'Noir', 2022, 1, 2, 11),
(13, 1, 6, 'Noir', 2022, 1, 1, 6),
(13, 1, 6, 'Noir', 2022, 1, 2, 10),
(13, 1, 7, 'Noir', 2022, 1, 1, 5),
(13, 1, 7, 'Noir', 2022, 1, 2, 11),
(13, 1, 8, 'Noir', 2022, 1, 1, 7),
(13, 1, 8, 'Noir', 2022, 1, 2, 2),
(13, 1, 9, 'Noir', 2022, 1, 1, 6),
(13, 1, 9, 'Noir', 2022, 1, 2, 10),
(13, 2, 1, 'Noir', 2022, 2, 1, 6),
(13, 2, 1, 'Noir', 2022, 2, 2, 10),
(13, 2, 2, 'Noir', 2022, 2, 1, 5),
(13, 2, 2, 'Noir', 2022, 2, 2, 11),
(13, 2, 3, 'Noir', 2022, 2, 1, 8),
(13, 2, 3, 'Noir', 2022, 2, 2, 7),
(13, 2, 4, 'Noir', 2022, 2, 1, 8),
(13, 2, 4, 'Noir', 2022, 2, 2, 7),
(13, 2, 5, 'Noir', 2022, 2, 1, 7),
(13, 2, 5, 'Noir', 2022, 2, 2, 2),
(13, 2, 6, 'Noir', 2022, 2, 1, 7),
(13, 2, 6, 'Noir', 2022, 2, 2, 2),
(13, 2, 7, 'Noir', 2022, 2, 1, 5),
(13, 2, 7, 'Noir', 2022, 2, 2, 11),
(13, 2, 8, 'Noir', 2022, 2, 1, 5),
(13, 2, 8, 'Noir', 2022, 2, 2, 11),
(13, 2, 9, 'Noir', 2022, 2, 1, 7),
(13, 2, 9, 'Noir', 2022, 2, 2, 2),
(13, 4, 1, 'Noir', 2022, 4, 1, 9),
(13, 4, 1, 'Noir', 2022, 4, 2, 8),
(13, 4, 2, 'Noir', 2022, 4, 1, 5),
(13, 4, 2, 'Noir', 2022, 4, 2, 7),
(13, 4, 3, 'Noir', 2022, 4, 1, 9),
(13, 4, 3, 'Noir', 2022, 4, 2, 5),
(13, 4, 4, 'Noir', 2022, 4, 1, 5),
(13, 4, 4, 'Noir', 2022, 4, 2, 6),
(13, 4, 5, 'Noir', 2022, 4, 1, 4),
(13, 4, 5, 'Noir', 2022, 4, 2, 6),
(13, 4, 6, 'Noir', 2022, 4, 1, 5),
(13, 4, 6, 'Noir', 2022, 4, 2, 5),
(13, 4, 7, 'Noir', 2022, 4, 1, 5),
(13, 4, 7, 'Noir', 2022, 4, 2, 5),
(13, 4, 8, 'Noir', 2022, 4, 1, 3),
(13, 4, 8, 'Noir', 2022, 4, 2, 5),
(13, 4, 9, 'Noir', 2022, 4, 1, 5),
(13, 4, 9, 'Noir', 2022, 4, 2, 6),
(14, 1, 1, 'Jaune', 2022, 1, 1, 6),
(14, 1, 1, 'Jaune', 2022, 1, 2, 10),
(14, 1, 2, 'Jaune', 2022, 1, 1, 7),
(14, 1, 2, 'Jaune', 2022, 1, 2, 2),
(14, 1, 3, 'Jaune', 2022, 1, 1, 8),
(14, 1, 3, 'Jaune', 2022, 1, 2, 7),
(14, 1, 4, 'Jaune', 2022, 1, 1, 12),
(14, 1, 4, 'Jaune', 2022, 1, 2, 12),
(14, 1, 5, 'Jaune', 2022, 1, 1, 8),
(14, 1, 5, 'Jaune', 2022, 1, 2, 7),
(14, 1, 6, 'Jaune', 2022, 1, 1, 6),
(14, 1, 6, 'Jaune', 2022, 1, 2, 10),
(14, 1, 7, 'Jaune', 2022, 1, 1, 8),
(14, 1, 7, 'Jaune', 2022, 1, 2, 7),
(14, 1, 8, 'Jaune', 2022, 1, 1, 9),
(14, 1, 8, 'Jaune', 2022, 1, 2, 11),
(14, 1, 9, 'Jaune', 2022, 1, 1, 6),
(14, 1, 9, 'Jaune', 2022, 1, 2, 10),
(14, 2, 1, 'Jaune', 2022, 2, 1, 3),
(14, 2, 1, 'Jaune', 2022, 2, 2, 10),
(14, 2, 2, 'Jaune', 2022, 2, 1, 5),
(14, 2, 2, 'Jaune', 2022, 2, 2, 11),
(14, 2, 3, 'Jaune', 2022, 2, 1, 8),
(14, 2, 3, 'Jaune', 2022, 2, 2, 7),
(14, 2, 4, 'Jaune', 2022, 2, 1, 8),
(14, 2, 4, 'Jaune', 2022, 2, 2, 7),
(14, 2, 5, 'Jaune', 2022, 2, 1, 7),
(14, 2, 5, 'Jaune', 2022, 2, 2, 2),
(14, 2, 6, 'Jaune', 2022, 2, 1, 7),
(14, 2, 6, 'Jaune', 2022, 2, 2, 2),
(14, 2, 7, 'Jaune', 2022, 2, 1, 4),
(14, 2, 7, 'Jaune', 2022, 2, 2, 2),
(14, 2, 8, 'Jaune', 2022, 2, 1, 5),
(14, 2, 8, 'Jaune', 2022, 2, 2, 11),
(14, 2, 9, 'Jaune', 2022, 2, 1, 7),
(14, 2, 9, 'Jaune', 2022, 2, 2, 2),
(14, 4, 1, 'Blanc', 2022, 4, 2, 7),
(14, 4, 1, 'Jaune', 2022, 4, 1, 9),
(14, 4, 1, 'Jaune', 2022, 4, 2, 8),
(14, 4, 2, 'Blanc', 2022, 4, 2, 3),
(14, 4, 2, 'Jaune', 2022, 4, 1, 5),
(14, 4, 2, 'Jaune', 2022, 4, 2, 7),
(14, 4, 3, 'Blanc', 2022, 4, 2, 5),
(14, 4, 3, 'Jaune', 2022, 4, 1, 9),
(14, 4, 3, 'Jaune', 2022, 4, 2, 5),
(14, 4, 4, 'Blanc', 2022, 4, 2, 3),
(14, 4, 4, 'Jaune', 2022, 4, 1, 6),
(14, 4, 4, 'Jaune', 2022, 4, 2, 6),
(14, 4, 5, 'Blanc', 2022, 4, 2, 5),
(14, 4, 5, 'Jaune', 2022, 4, 1, 4),
(14, 4, 5, 'Jaune', 2022, 4, 2, 6),
(14, 4, 6, 'Blanc', 2022, 4, 2, 10),
(14, 4, 6, 'Jaune', 2022, 4, 1, 5),
(14, 4, 6, 'Jaune', 2022, 4, 2, 4),
(14, 4, 7, 'Blanc', 2022, 4, 2, 6),
(14, 4, 7, 'Jaune', 2022, 4, 1, 5),
(14, 4, 7, 'Jaune', 2022, 4, 2, 5),
(14, 4, 8, 'Blanc', 2022, 4, 2, 7),
(14, 4, 8, 'Jaune', 2022, 4, 1, 3),
(14, 4, 8, 'Jaune', 2022, 4, 2, 5),
(14, 4, 9, 'Blanc', 2022, 4, 2, 4),
(14, 4, 9, 'Jaune', 2022, 4, 1, 5),
(14, 4, 9, 'Jaune', 2022, 4, 2, 6),
(15, 1, 1, 'Blanc', 2022, 1, 1, 6),
(15, 1, 1, 'Blanc', 2022, 1, 2, 10),
(15, 1, 2, 'Blanc', 2022, 1, 1, 7),
(15, 1, 2, 'Blanc', 2022, 1, 2, 2),
(15, 1, 3, 'Blanc', 2022, 1, 1, 8),
(15, 1, 3, 'Blanc', 2022, 1, 2, 7),
(15, 1, 4, 'Blanc', 2022, 1, 1, 10),
(15, 1, 4, 'Blanc', 2022, 1, 2, 10),
(15, 1, 5, 'Blanc', 2022, 1, 1, 8),
(15, 1, 5, 'Blanc', 2022, 1, 2, 7),
(15, 1, 6, 'Blanc', 2022, 1, 1, 7),
(15, 1, 6, 'Blanc', 2022, 1, 2, 2),
(15, 1, 7, 'Blanc', 2022, 1, 1, 8),
(15, 1, 7, 'Blanc', 2022, 1, 2, 7),
(15, 1, 8, 'Blanc', 2022, 1, 1, 7),
(15, 1, 8, 'Blanc', 2022, 1, 2, 2),
(15, 1, 9, 'Blanc', 2022, 1, 1, 6),
(15, 1, 9, 'Blanc', 2022, 1, 2, 10),
(15, 2, 1, 'Blanc', 2022, 2, 1, 3),
(15, 2, 1, 'Blanc', 2022, 2, 2, 10),
(15, 2, 2, 'Blanc', 2022, 2, 1, 5),
(15, 2, 2, 'Blanc', 2022, 2, 2, 11),
(15, 2, 3, 'Blanc', 2022, 2, 1, 8),
(15, 2, 3, 'Blanc', 2022, 2, 2, 7),
(15, 2, 4, 'Blanc', 2022, 2, 1, 8),
(15, 2, 4, 'Blanc', 2022, 2, 2, 7),
(15, 2, 5, 'Blanc', 2022, 2, 1, 7),
(15, 2, 5, 'Blanc', 2022, 2, 2, 2),
(15, 2, 6, 'Blanc', 2022, 2, 1, 7),
(15, 2, 6, 'Blanc', 2022, 2, 2, 2),
(15, 2, 7, 'Blanc', 2022, 2, 1, 4),
(15, 2, 7, 'Blanc', 2022, 2, 2, 2),
(15, 2, 8, 'Blanc', 2022, 2, 1, 5),
(15, 2, 8, 'Blanc', 2022, 2, 2, 11),
(15, 2, 9, 'Blanc', 2022, 2, 1, 7),
(15, 2, 9, 'Blanc', 2022, 2, 2, 2),
(15, 4, 1, 'Blanc', 2022, 4, 1, 5),
(15, 4, 1, 'Blanc', 2022, 4, 2, 8),
(15, 4, 2, 'Blanc', 2022, 4, 1, 5),
(15, 4, 2, 'Blanc', 2022, 4, 2, 7),
(15, 4, 3, 'Blanc', 2022, 4, 1, 4),
(15, 4, 3, 'Blanc', 2022, 4, 2, 5),
(15, 4, 4, 'Blanc', 2022, 4, 1, 6),
(15, 4, 4, 'Blanc', 2022, 4, 2, 9),
(15, 4, 5, 'Blanc', 2022, 4, 1, 4),
(15, 4, 5, 'Blanc', 2022, 4, 2, 6),
(15, 4, 6, 'Blanc', 2022, 4, 1, 5),
(15, 4, 6, 'Blanc', 2022, 4, 2, 4),
(15, 4, 7, 'Blanc', 2022, 4, 1, 4),
(15, 4, 7, 'Blanc', 2022, 4, 2, 5),
(15, 4, 8, 'Blanc', 2022, 4, 1, 3),
(15, 4, 8, 'Blanc', 2022, 4, 2, 5),
(15, 4, 9, 'Blanc', 2022, 4, 1, 5),
(15, 4, 9, 'Blanc', 2022, 4, 2, 6),
(17, 3, 1, 'Rouge', 2022, 3, 1, 4),
(17, 3, 2, 'Rouge', 2022, 3, 1, 3),
(17, 3, 3, 'Rouge', 2022, 3, 1, 6),
(17, 3, 4, 'Rouge', 2022, 3, 1, 5),
(17, 3, 5, 'Rouge', 2022, 3, 1, 8),
(17, 3, 6, 'Rouge', 2022, 3, 1, 9),
(17, 3, 7, 'Rouge', 2022, 3, 1, 10),
(17, 3, 8, 'Rouge', 2022, 3, 1, 2),
(17, 3, 9, 'Rouge', 2022, 3, 1, 8),
(17, 5, 1, 'Rouge', 2022, 5, 1, 2),
(17, 5, 1, 'Rouge', 2022, 5, 2, 5),
(17, 5, 2, 'Rouge', 2022, 5, 1, 4),
(17, 5, 2, 'Rouge', 2022, 5, 2, 4),
(17, 5, 3, 'Rouge', 2022, 5, 1, 3),
(17, 5, 3, 'Rouge', 2022, 5, 2, 8),
(17, 5, 4, 'Rouge', 2022, 5, 1, 5),
(17, 5, 4, 'Rouge', 2022, 5, 2, 9),
(17, 5, 5, 'Rouge', 2022, 5, 1, 7),
(17, 5, 5, 'Rouge', 2022, 5, 2, 7),
(17, 5, 6, 'Rouge', 2022, 5, 1, 8),
(17, 5, 6, 'Rouge', 2022, 5, 2, 6),
(17, 5, 7, 'Rouge', 2022, 5, 1, 2),
(17, 5, 7, 'Rouge', 2022, 5, 2, 10),
(17, 5, 8, 'Rouge', 2022, 5, 1, 4),
(17, 5, 8, 'Rouge', 2022, 5, 2, 6),
(17, 5, 9, 'Rouge', 2022, 5, 1, 8),
(17, 5, 9, 'Rouge', 2022, 5, 2, 4),
(18, 3, 1, 'Bleu', 2022, 3, 1, 4),
(18, 3, 2, 'Bleu', 2022, 3, 1, 3),
(18, 3, 3, 'Bleu', 2022, 3, 1, 6),
(18, 3, 4, 'Bleu', 2022, 3, 1, 5),
(18, 3, 5, 'Bleu', 2022, 3, 1, 7),
(18, 3, 6, 'Bleu', 2022, 3, 1, 9),
(18, 3, 7, 'Bleu', 2022, 3, 1, 10),
(18, 3, 8, 'Bleu', 2022, 3, 1, 2),
(18, 3, 9, 'Bleu', 2022, 3, 1, 8),
(18, 5, 1, 'Bleu', 2022, 5, 1, 5),
(18, 5, 1, 'Bleu', 2022, 5, 2, 6),
(18, 5, 2, 'Bleu', 2022, 5, 1, 5),
(18, 5, 2, 'Bleu', 2022, 5, 2, 10),
(18, 5, 3, 'Bleu', 2022, 5, 1, 3),
(18, 5, 3, 'Bleu', 2022, 5, 2, 5),
(18, 5, 4, 'Bleu', 2022, 5, 1, 5),
(18, 5, 4, 'Bleu', 2022, 5, 2, 7),
(18, 5, 5, 'Bleu', 2022, 5, 1, 7),
(18, 5, 5, 'Bleu', 2022, 5, 2, 8),
(18, 5, 6, 'Bleu', 2022, 5, 1, 8),
(18, 5, 6, 'Bleu', 2022, 5, 2, 6),
(18, 5, 7, 'Bleu', 2022, 5, 1, 2),
(18, 5, 7, 'Bleu', 2022, 5, 2, 5),
(18, 5, 8, 'Bleu', 2022, 5, 1, 4),
(18, 5, 8, 'Bleu', 2022, 5, 2, 6),
(18, 5, 9, 'Bleu', 2022, 5, 1, 8),
(18, 5, 9, 'Bleu', 2022, 5, 2, 6),
(19, 3, 1, 'Rouge', 2022, 3, 1, 4),
(19, 3, 2, 'Rouge', 2022, 3, 1, 3),
(19, 3, 3, 'Rouge', 2022, 3, 1, 6),
(19, 3, 4, 'Rouge', 2022, 3, 1, 5),
(19, 3, 5, 'Rouge', 2022, 3, 1, 7),
(19, 3, 6, 'Rouge', 2022, 3, 1, 5),
(19, 3, 7, 'Rouge', 2022, 3, 1, 10),
(19, 3, 8, 'Rouge', 2022, 3, 1, 2),
(19, 3, 9, 'Rouge', 2022, 3, 1, 8),
(19, 5, 1, 'Rouge', 2022, 5, 1, 5),
(19, 5, 1, 'Rouge', 2022, 5, 2, 6),
(19, 5, 2, 'Rouge', 2022, 5, 1, 5),
(19, 5, 2, 'Rouge', 2022, 5, 2, 5),
(19, 5, 3, 'Rouge', 2022, 5, 1, 3),
(19, 5, 3, 'Rouge', 2022, 5, 2, 5),
(19, 5, 4, 'Rouge', 2022, 5, 1, 8),
(19, 5, 4, 'Rouge', 2022, 5, 2, 7),
(19, 5, 5, 'Rouge', 2022, 5, 1, 7),
(19, 5, 5, 'Rouge', 2022, 5, 2, 6),
(19, 5, 6, 'Rouge', 2022, 5, 1, 8),
(19, 5, 6, 'Rouge', 2022, 5, 2, 6),
(19, 5, 7, 'Rouge', 2022, 5, 1, 3),
(19, 5, 7, 'Rouge', 2022, 5, 2, 5),
(19, 5, 8, 'Rouge', 2022, 5, 1, 4),
(19, 5, 8, 'Rouge', 2022, 5, 2, 6),
(19, 5, 9, 'Rouge', 2022, 5, 1, 8),
(19, 5, 9, 'Rouge', 2022, 5, 2, 6),
(20, 3, 1, 'Bleu', 2022, 3, 1, 4),
(20, 3, 2, 'Bleu', 2022, 3, 1, 3),
(20, 3, 3, 'Bleu', 2022, 3, 1, 5),
(20, 3, 4, 'Bleu', 2022, 3, 1, 5),
(20, 3, 5, 'Bleu', 2022, 3, 1, 7),
(20, 3, 6, 'Bleu', 2022, 3, 1, 5),
(20, 3, 7, 'Bleu', 2022, 3, 1, 10),
(20, 3, 8, 'Bleu', 2022, 3, 1, 2),
(20, 3, 9, 'Bleu', 2022, 3, 1, 8),
(20, 5, 1, 'Bleu', 2022, 5, 1, 5),
(20, 5, 1, 'Bleu', 2022, 5, 2, 6),
(20, 5, 2, 'Bleu', 2022, 5, 1, 7),
(20, 5, 2, 'Bleu', 2022, 5, 2, 5),
(20, 5, 3, 'Bleu', 2022, 5, 1, 3),
(20, 5, 3, 'Bleu', 2022, 5, 2, 5),
(20, 5, 4, 'Bleu', 2022, 5, 1, 8),
(20, 5, 4, 'Bleu', 2022, 5, 2, 4),
(20, 5, 5, 'Bleu', 2022, 5, 1, 7),
(20, 5, 5, 'Bleu', 2022, 5, 2, 6),
(20, 5, 6, 'Bleu', 2022, 5, 1, 8),
(20, 5, 6, 'Bleu', 2022, 5, 2, 5),
(20, 5, 7, 'Bleu', 2022, 5, 1, 3),
(20, 5, 7, 'Bleu', 2022, 5, 2, 5),
(20, 5, 8, 'Bleu', 2022, 5, 1, 4),
(20, 5, 8, 'Bleu', 2022, 5, 2, 6),
(20, 5, 9, 'Bleu', 2022, 5, 1, 8),
(20, 5, 9, 'Bleu', 2022, 5, 2, 6),
(21, 3, 1, 'Rouge', 2022, 3, 1, 4),
(21, 3, 2, 'Rouge', 2022, 3, 1, 3),
(21, 3, 3, 'Rouge', 2022, 3, 1, 5),
(21, 3, 4, 'Rouge', 2022, 3, 1, 5),
(21, 3, 5, 'Rouge', 2022, 3, 1, 7),
(21, 3, 6, 'Rouge', 2022, 3, 1, 5),
(21, 3, 7, 'Rouge', 2022, 3, 1, 5),
(21, 3, 8, 'Rouge', 2022, 3, 1, 2),
(21, 3, 9, 'Rouge', 2022, 3, 1, 8),
(21, 5, 1, 'Rouge', 2022, 5, 1, 11),
(21, 5, 1, 'Rouge', 2022, 5, 2, 7),
(21, 5, 2, 'Rouge', 2022, 5, 1, 7),
(21, 5, 2, 'Rouge', 2022, 5, 2, 5),
(21, 5, 3, 'Rouge', 2022, 5, 1, 10),
(21, 5, 3, 'Rouge', 2022, 5, 2, 8),
(21, 5, 4, 'Rouge', 2022, 5, 1, 8),
(21, 5, 4, 'Rouge', 2022, 5, 2, 4),
(21, 5, 5, 'Rouge', 2022, 5, 1, 7),
(21, 5, 5, 'Rouge', 2022, 5, 2, 6),
(21, 5, 6, 'Rouge', 2022, 5, 1, 8),
(21, 5, 6, 'Rouge', 2022, 5, 2, 10),
(21, 5, 7, 'Rouge', 2022, 5, 1, 8),
(21, 5, 7, 'Rouge', 2022, 5, 2, 5),
(21, 5, 8, 'Rouge', 2022, 5, 1, 4),
(21, 5, 8, 'Rouge', 2022, 5, 2, 6),
(21, 5, 9, 'Rouge', 2022, 5, 1, 8),
(21, 5, 9, 'Rouge', 2022, 5, 2, 6),
(22, 3, 1, 'Bleu', 2022, 3, 1, 4),
(22, 3, 2, 'Bleu', 2022, 3, 1, 3),
(22, 3, 3, 'Bleu', 2022, 3, 1, 5),
(22, 3, 4, 'Bleu', 2022, 3, 1, 5),
(22, 3, 5, 'Bleu', 2022, 3, 1, 7),
(22, 3, 6, 'Bleu', 2022, 3, 1, 5),
(22, 3, 7, 'Bleu', 2022, 3, 1, 5),
(22, 3, 8, 'Bleu', 2022, 3, 1, 2),
(22, 3, 9, 'Bleu', 2022, 3, 1, 8),
(22, 5, 1, 'Bleu', 2022, 5, 1, 11),
(22, 5, 1, 'Bleu', 2022, 5, 2, 7),
(22, 5, 2, 'Bleu', 2022, 5, 1, 8),
(22, 5, 2, 'Bleu', 2022, 5, 2, 5),
(22, 5, 3, 'Bleu', 2022, 5, 1, 10),
(22, 5, 3, 'Bleu', 2022, 5, 2, 8),
(22, 5, 4, 'Bleu', 2022, 5, 1, 8),
(22, 5, 4, 'Bleu', 2022, 5, 2, 4),
(22, 5, 5, 'Bleu', 2022, 5, 1, 7),
(22, 5, 5, 'Bleu', 2022, 5, 2, 6),
(22, 5, 6, 'Bleu', 2022, 5, 1, 8),
(22, 5, 6, 'Bleu', 2022, 5, 2, 9),
(22, 5, 7, 'Bleu', 2022, 5, 1, 8),
(22, 5, 7, 'Bleu', 2022, 5, 2, 5),
(22, 5, 8, 'Bleu', 2022, 5, 1, 4),
(22, 5, 8, 'Bleu', 2022, 5, 2, 8),
(22, 5, 9, 'Bleu', 2022, 5, 1, 8),
(22, 5, 9, 'Bleu', 2022, 5, 2, 6),
(23, 3, 1, 'Rouge', 2022, 3, 1, 4),
(23, 3, 2, 'Rouge', 2022, 3, 1, 3),
(23, 3, 3, 'Rouge', 2022, 3, 1, 5),
(23, 3, 4, 'Rouge', 2022, 3, 1, 5),
(23, 3, 5, 'Rouge', 2022, 3, 1, 7),
(23, 3, 6, 'Rouge', 2022, 3, 1, 5),
(23, 3, 7, 'Rouge', 2022, 3, 1, 5),
(23, 3, 8, 'Rouge', 2022, 3, 1, 2),
(23, 3, 9, 'Rouge', 2022, 3, 1, 3),
(23, 5, 1, 'Rouge', 2022, 5, 1, 9),
(23, 5, 1, 'Rouge', 2022, 5, 2, 7),
(23, 5, 2, 'Rouge', 2022, 5, 1, 8),
(23, 5, 2, 'Rouge', 2022, 5, 2, 10),
(23, 5, 3, 'Rouge', 2022, 5, 1, 9),
(23, 5, 3, 'Rouge', 2022, 5, 2, 8),
(23, 5, 4, 'Rouge', 2022, 5, 1, 6),
(23, 5, 4, 'Rouge', 2022, 5, 2, 11),
(23, 5, 5, 'Rouge', 2022, 5, 1, 7),
(23, 5, 5, 'Rouge', 2022, 5, 2, 6),
(23, 5, 6, 'Rouge', 2022, 5, 1, 8),
(23, 5, 6, 'Rouge', 2022, 5, 2, 9),
(23, 5, 7, 'Rouge', 2022, 5, 1, 6),
(23, 5, 7, 'Rouge', 2022, 5, 2, 8),
(23, 5, 8, 'Rouge', 2022, 5, 1, 6),
(23, 5, 8, 'Rouge', 2022, 5, 2, 8),
(23, 5, 9, 'Rouge', 2022, 5, 1, 8),
(23, 5, 9, 'Rouge', 2022, 5, 2, 9),
(24, 3, 1, 'Bleu', 2022, 3, 1, 4),
(24, 3, 2, 'Bleu', 2022, 3, 1, 3),
(24, 3, 3, 'Bleu', 2022, 3, 1, 4),
(24, 3, 4, 'Bleu', 2022, 3, 1, 5),
(24, 3, 5, 'Bleu', 2022, 3, 1, 7),
(24, 3, 6, 'Bleu', 2022, 3, 1, 5),
(24, 3, 7, 'Bleu', 2022, 3, 1, 5),
(24, 3, 8, 'Bleu', 2022, 3, 1, 2),
(24, 3, 9, 'Bleu', 2022, 3, 1, 3),
(24, 5, 1, 'Bleu', 2022, 5, 1, 9),
(24, 5, 1, 'Bleu', 2022, 5, 2, 7),
(24, 5, 2, 'Bleu', 2022, 5, 1, 8),
(24, 5, 2, 'Bleu', 2022, 5, 2, 10),
(24, 5, 3, 'Bleu', 2022, 5, 1, 7),
(24, 5, 3, 'Bleu', 2022, 5, 2, 9),
(24, 5, 4, 'Bleu', 2022, 5, 1, 6),
(24, 5, 4, 'Bleu', 2022, 5, 2, 11),
(24, 5, 5, 'Bleu', 2022, 5, 1, 7),
(24, 5, 5, 'Bleu', 2022, 5, 2, 6),
(24, 5, 6, 'Bleu', 2022, 5, 1, 8),
(24, 5, 6, 'Bleu', 2022, 5, 2, 9),
(24, 5, 7, 'Bleu', 2022, 5, 1, 6),
(24, 5, 7, 'Bleu', 2022, 5, 2, 8),
(24, 5, 8, 'Bleu', 2022, 5, 1, 6),
(24, 5, 8, 'Bleu', 2022, 5, 2, 8),
(24, 5, 9, 'Bleu', 2022, 5, 1, 8),
(24, 5, 9, 'Bleu', 2022, 5, 2, 9),
(25, 3, 1, 'Rouge', 2022, 3, 1, 4),
(25, 3, 2, 'Rouge', 2022, 3, 1, 3),
(25, 3, 3, 'Rouge', 2022, 3, 1, 4),
(25, 3, 4, 'Rouge', 2022, 3, 1, 5),
(25, 3, 5, 'Rouge', 2022, 3, 1, 5),
(25, 3, 6, 'Rouge', 2022, 3, 1, 5),
(25, 3, 7, 'Rouge', 2022, 3, 1, 5),
(25, 3, 8, 'Rouge', 2022, 3, 1, 2),
(25, 3, 9, 'Rouge', 2022, 3, 1, 3),
(25, 5, 1, 'Rouge', 2022, 5, 1, 5),
(25, 5, 1, 'Rouge', 2022, 5, 2, 10),
(25, 5, 2, 'Rouge', 2022, 5, 1, 8),
(25, 5, 2, 'Rouge', 2022, 5, 2, 10),
(25, 5, 3, 'Rouge', 2022, 5, 1, 9),
(25, 5, 3, 'Rouge', 2022, 5, 2, 9),
(25, 5, 4, 'Rouge', 2022, 5, 1, 6),
(25, 5, 4, 'Rouge', 2022, 5, 2, 11),
(25, 5, 5, 'Rouge', 2022, 5, 1, 6),
(25, 5, 5, 'Rouge', 2022, 5, 2, 6),
(25, 5, 6, 'Rouge', 2022, 5, 1, 8),
(25, 5, 6, 'Rouge', 2022, 5, 2, 9),
(25, 5, 7, 'Rouge', 2022, 5, 1, 4),
(25, 5, 7, 'Rouge', 2022, 5, 2, 11),
(25, 5, 8, 'Rouge', 2022, 5, 1, 6),
(25, 5, 8, 'Rouge', 2022, 5, 2, 8),
(25, 5, 9, 'Rouge', 2022, 5, 1, 8),
(25, 5, 9, 'Rouge', 2022, 5, 2, 9),
(26, 3, 1, 'Bleu', 2022, 3, 1, 4),
(26, 3, 2, 'Bleu', 2022, 3, 1, 3),
(26, 3, 3, 'Bleu', 2022, 3, 1, 4),
(26, 3, 4, 'Bleu', 2022, 3, 1, 5),
(26, 3, 5, 'Bleu', 2022, 3, 1, 5),
(26, 3, 6, 'Bleu', 2022, 3, 1, 5),
(26, 3, 7, 'Bleu', 2022, 3, 1, 5),
(26, 3, 8, 'Bleu', 2022, 3, 1, 2),
(26, 3, 9, 'Bleu', 2022, 3, 1, 3),
(26, 5, 1, 'Bleu', 2022, 5, 1, 5),
(26, 5, 1, 'Bleu', 2022, 5, 2, 10),
(26, 5, 2, 'Bleu', 2022, 5, 1, 6),
(26, 5, 2, 'Bleu', 2022, 5, 2, 10),
(26, 5, 3, 'Bleu', 2022, 5, 1, 9),
(26, 5, 3, 'Bleu', 2022, 5, 2, 9),
(26, 5, 4, 'Bleu', 2022, 5, 1, 6),
(26, 5, 4, 'Bleu', 2022, 5, 2, 11),
(26, 5, 5, 'Bleu', 2022, 5, 1, 6),
(26, 5, 5, 'Bleu', 2022, 5, 2, 8),
(26, 5, 6, 'Bleu', 2022, 5, 1, 8),
(26, 5, 6, 'Bleu', 2022, 5, 2, 9),
(26, 5, 7, 'Bleu', 2022, 5, 1, 4),
(26, 5, 7, 'Bleu', 2022, 5, 2, 11),
(26, 5, 8, 'Bleu', 2022, 5, 1, 6),
(26, 5, 8, 'Bleu', 2022, 5, 2, 8),
(26, 5, 9, 'Bleu', 2022, 5, 1, 8),
(26, 5, 9, 'Bleu', 2022, 5, 2, 9),
(27, 3, 1, 'Rouge', 2022, 3, 1, 4),
(27, 3, 2, 'Rouge', 2022, 3, 1, 8),
(27, 3, 3, 'Rouge', 2022, 3, 1, 4),
(27, 3, 4, 'Rouge', 2022, 3, 1, 10),
(27, 3, 5, 'Rouge', 2022, 3, 1, 5),
(27, 3, 6, 'Rouge', 2022, 3, 1, 5),
(27, 3, 7, 'Rouge', 2022, 3, 1, 5),
(27, 3, 8, 'Rouge', 2022, 3, 1, 2),
(27, 3, 9, 'Rouge', 2022, 3, 1, 3),
(27, 5, 1, 'Rouge', 2022, 5, 1, 5),
(27, 5, 1, 'Rouge', 2022, 5, 2, 9),
(27, 5, 2, 'Rouge', 2022, 5, 1, 6),
(27, 5, 2, 'Rouge', 2022, 5, 2, 10),
(27, 5, 3, 'Rouge', 2022, 5, 1, 5),
(27, 5, 3, 'Rouge', 2022, 5, 2, 9),
(27, 5, 4, 'Rouge', 2022, 5, 1, 6),
(27, 5, 4, 'Rouge', 2022, 5, 2, 6),
(27, 5, 5, 'Rouge', 2022, 5, 1, 6),
(27, 5, 5, 'Rouge', 2022, 5, 2, 7),
(27, 5, 6, 'Rouge', 2022, 5, 1, 8),
(27, 5, 6, 'Rouge', 2022, 5, 2, 9),
(27, 5, 7, 'Rouge', 2022, 5, 1, 4),
(27, 5, 7, 'Rouge', 2022, 5, 2, 8),
(27, 5, 8, 'Rouge', 2022, 5, 1, 6),
(27, 5, 8, 'Rouge', 2022, 5, 2, 8),
(27, 5, 9, 'Rouge', 2022, 5, 1, 8),
(27, 5, 9, 'Rouge', 2022, 5, 2, 6),
(28, 3, 1, 'Bleu', 2022, 3, 1, 4),
(28, 3, 2, 'Bleu', 2022, 3, 1, 8),
(28, 3, 3, 'Bleu', 2022, 3, 1, 4),
(28, 3, 4, 'Bleu', 2022, 3, 1, 10),
(28, 3, 5, 'Bleu', 2022, 3, 1, 5),
(28, 3, 6, 'Bleu', 2022, 3, 1, 8),
(28, 3, 7, 'Bleu', 2022, 3, 1, 5),
(28, 3, 8, 'Bleu', 2022, 3, 1, 2),
(28, 3, 9, 'Bleu', 2022, 3, 1, 3),
(28, 5, 1, 'Bleu', 2022, 5, 1, 5),
(28, 5, 1, 'Bleu', 2022, 5, 2, 9),
(28, 5, 2, 'Bleu', 2022, 5, 1, 6),
(28, 5, 2, 'Bleu', 2022, 5, 2, 10),
(28, 5, 3, 'Bleu', 2022, 5, 1, 5),
(28, 5, 3, 'Bleu', 2022, 5, 2, 8),
(28, 5, 4, 'Bleu', 2022, 5, 1, 6),
(28, 5, 4, 'Bleu', 2022, 5, 2, 6),
(28, 5, 5, 'Bleu', 2022, 5, 1, 6),
(28, 5, 5, 'Bleu', 2022, 5, 2, 7),
(28, 5, 6, 'Bleu', 2022, 5, 1, 8),
(28, 5, 6, 'Bleu', 2022, 5, 2, 9),
(28, 5, 7, 'Bleu', 2022, 5, 1, 4),
(28, 5, 7, 'Bleu', 2022, 5, 2, 8),
(28, 5, 8, 'Bleu', 2022, 5, 1, 6),
(28, 5, 8, 'Bleu', 2022, 5, 2, 8),
(28, 5, 9, 'Bleu', 2022, 5, 1, 8),
(28, 5, 9, 'Bleu', 2022, 5, 2, 6),
(29, 3, 1, 'Rouge', 2022, 3, 1, 4),
(29, 3, 2, 'Rouge', 2022, 3, 1, 8),
(29, 3, 3, 'Rouge', 2022, 3, 1, 4),
(29, 3, 4, 'Rouge', 2022, 3, 1, 10),
(29, 3, 5, 'Rouge', 2022, 3, 1, 5),
(29, 3, 6, 'Rouge', 2022, 3, 1, 8),
(29, 3, 7, 'Rouge', 2022, 3, 1, 10),
(29, 3, 8, 'Rouge', 2022, 3, 1, 2),
(29, 3, 9, 'Rouge', 2022, 3, 1, 3),
(29, 5, 1, 'Rouge', 2022, 5, 1, 5),
(29, 5, 1, 'Rouge', 2022, 5, 2, 9),
(29, 5, 2, 'Rouge', 2022, 5, 1, 6),
(29, 5, 2, 'Rouge', 2022, 5, 2, 5),
(29, 5, 3, 'Rouge', 2022, 5, 1, 5),
(29, 5, 3, 'Rouge', 2022, 5, 2, 8),
(29, 5, 4, 'Rouge', 2022, 5, 1, 3),
(29, 5, 4, 'Rouge', 2022, 5, 2, 6),
(29, 5, 5, 'Rouge', 2022, 5, 1, 6),
(29, 5, 5, 'Rouge', 2022, 5, 2, 7),
(29, 5, 6, 'Rouge', 2022, 5, 1, 7),
(29, 5, 6, 'Rouge', 2022, 5, 2, 6),
(29, 5, 7, 'Rouge', 2022, 5, 1, 4),
(29, 5, 7, 'Rouge', 2022, 5, 2, 5),
(29, 5, 8, 'Rouge', 2022, 5, 1, 6),
(29, 5, 8, 'Rouge', 2022, 5, 2, 8),
(29, 5, 9, 'Rouge', 2022, 5, 1, 7),
(29, 5, 9, 'Rouge', 2022, 5, 2, 6),
(30, 3, 1, 'Bleu', 2022, 3, 1, 8),
(30, 3, 2, 'Bleu', 2022, 3, 1, 8),
(30, 3, 3, 'Bleu', 2022, 3, 1, 4),
(30, 3, 4, 'Bleu', 2022, 3, 1, 10),
(30, 3, 5, 'Bleu', 2022, 3, 1, 5),
(30, 3, 6, 'Bleu', 2022, 3, 1, 8),
(30, 3, 7, 'Bleu', 2022, 3, 1, 10),
(30, 3, 8, 'Bleu', 2022, 3, 1, 2),
(30, 3, 9, 'Bleu', 2022, 3, 1, 3),
(30, 5, 1, 'Bleu', 2022, 5, 1, 5),
(30, 5, 1, 'Bleu', 2022, 5, 2, 9),
(30, 5, 2, 'Bleu', 2022, 5, 1, 6),
(30, 5, 2, 'Bleu', 2022, 5, 2, 5),
(30, 5, 3, 'Bleu', 2022, 5, 1, 5),
(30, 5, 3, 'Bleu', 2022, 5, 2, 7),
(30, 5, 4, 'Bleu', 2022, 5, 1, 3),
(30, 5, 4, 'Bleu', 2022, 5, 2, 6),
(30, 5, 5, 'Bleu', 2022, 5, 1, 6),
(30, 5, 5, 'Bleu', 2022, 5, 2, 7),
(30, 5, 6, 'Bleu', 2022, 5, 1, 7),
(30, 5, 6, 'Bleu', 2022, 5, 2, 6),
(30, 5, 7, 'Bleu', 2022, 5, 1, 4),
(30, 5, 7, 'Bleu', 2022, 5, 2, 5),
(30, 5, 8, 'Bleu', 2022, 5, 1, 6),
(30, 5, 8, 'Bleu', 2022, 5, 2, 8),
(30, 5, 9, 'Bleu', 2022, 5, 1, 5),
(30, 5, 9, 'Bleu', 2022, 5, 2, 6),
(31, 3, 1, 'Rouge', 2022, 3, 1, 8),
(31, 3, 2, 'Rouge', 2022, 3, 1, 8),
(31, 3, 3, 'Rouge', 2022, 3, 1, 4),
(31, 3, 4, 'Rouge', 2022, 3, 1, 10),
(31, 3, 5, 'Rouge', 2022, 3, 1, 5),
(31, 3, 6, 'Rouge', 2022, 3, 1, 12),
(31, 3, 7, 'Rouge', 2022, 3, 1, 10),
(31, 3, 8, 'Rouge', 2022, 3, 1, 2),
(31, 3, 9, 'Rouge', 2022, 3, 1, 3),
(31, 5, 1, 'Rouge', 2022, 5, 1, 4),
(31, 5, 1, 'Rouge', 2022, 5, 2, 3),
(31, 5, 2, 'Rouge', 2022, 5, 1, 3),
(31, 5, 2, 'Rouge', 2022, 5, 2, 3),
(31, 5, 3, 'Rouge', 2022, 5, 1, 5),
(31, 5, 3, 'Rouge', 2022, 5, 2, 2),
(31, 5, 4, 'Rouge', 2022, 5, 1, 3),
(31, 5, 4, 'Rouge', 2022, 5, 2, 4),
(31, 5, 5, 'Rouge', 2022, 5, 1, 3),
(31, 5, 5, 'Rouge', 2022, 5, 2, 5),
(31, 5, 6, 'Rouge', 2022, 5, 1, 2),
(31, 5, 6, 'Rouge', 2022, 5, 2, 4),
(31, 5, 7, 'Rouge', 2022, 5, 1, 4),
(31, 5, 7, 'Rouge', 2022, 5, 2, 3),
(31, 5, 8, 'Rouge', 2022, 5, 1, 3),
(31, 5, 8, 'Rouge', 2022, 5, 2, 3),
(31, 5, 9, 'Rouge', 2022, 5, 1, 4),
(31, 5, 9, 'Rouge', 2022, 5, 2, 3);

-- --------------------------------------------------------

--
-- Structure de la table `dates`
--

CREATE TABLE `dates` (
  `saisonId` int(4) NOT NULL,
  `tournoiId` int(3) NOT NULL,
  `jour` int(2) NOT NULL,
  `date` date DEFAULT NULL
) ENGINE=InnoDB DEFAULT CHARSET=utf8mb4 COLLATE=utf8mb4_unicode_ci;

--
-- Déchargement des données de la table `dates`
--

INSERT INTO `dates` (`saisonId`, `tournoiId`, `jour`, `date`) VALUES
(2022, 1, 1, '2022-03-12'),
(2022, 1, 2, '2022-03-13'),
(2022, 2, 1, '2022-03-12'),
(2022, 2, 2, '2022-03-13'),
(2022, 3, 1, '2022-03-20'),
(2022, 3, 2, '2022-03-21'),
(2022, 4, 1, '2022-03-15'),
(2022, 4, 2, '2022-03-16'),
(2022, 5, 1, '2022-03-18'),
(2022, 5, 2, '2022-03-19');

-- --------------------------------------------------------

--
-- Structure de la table `failed_jobs`
--

CREATE TABLE `failed_jobs` (
  `id` bigint(20) UNSIGNED NOT NULL,
  `uuid` varchar(255) COLLATE utf8mb4_unicode_ci NOT NULL,
  `connection` text COLLATE utf8mb4_unicode_ci NOT NULL,
  `queue` text COLLATE utf8mb4_unicode_ci NOT NULL,
  `payload` longtext COLLATE utf8mb4_unicode_ci NOT NULL,
  `exception` longtext COLLATE utf8mb4_unicode_ci NOT NULL,
  `failed_at` timestamp NOT NULL DEFAULT CURRENT_TIMESTAMP
) ENGINE=InnoDB DEFAULT CHARSET=utf8mb4 COLLATE=utf8mb4_unicode_ci;

-- --------------------------------------------------------

--
-- Structure de la table `joueurs`
--

CREATE TABLE `joueurs` (
  `id` int(3) NOT NULL,
  `nom` varchar(30) COLLATE utf8mb4_unicode_ci NOT NULL,
  `prenom` varchar(30) COLLATE utf8mb4_unicode_ci NOT NULL,
  `genre` varchar(5) COLLATE utf8mb4_unicode_ci NOT NULL,
  `adresse` varchar(80) COLLATE utf8mb4_unicode_ci DEFAULT NULL,
  `cp` int(5) DEFAULT NULL,
  `ville` varchar(30) COLLATE utf8mb4_unicode_ci DEFAULT NULL,
  `telephone` varchar(15) COLLATE utf8mb4_unicode_ci DEFAULT NULL,
  `dateNaissance` date DEFAULT NULL,
  `photo` varchar(50) COLLATE utf8mb4_unicode_ci NOT NULL
) ENGINE=InnoDB DEFAULT CHARSET=utf8mb4 COLLATE=utf8mb4_unicode_ci;

--
-- Déchargement des données de la table `joueurs`
--

INSERT INTO `joueurs` (`id`, `nom`, `prenom`, `genre`, `adresse`, `cp`, `ville`, `telephone`, `dateNaissance`, `photo`) VALUES
(1, 'PEREZ', 'Victor', 'Homme', '152 Av. des Champs-Élysées', 75008, 'Paris', '0787410250', '1992-09-02', '../image/homme1.jpg'),
(2, 'ROZNER', 'Antoine', 'Homme', '120 Boulevard Menilmontant', 75020, 'Paris', '0763204957', '1993-02-12', '../image/homme2.jpg'),
(3, 'LANGASQUE', 'Romain', 'Homme', '06 rue léon blum', 26500, 'Bourg-Lès-Valence', '0789986250', '1995-03-18', '../image/homme3.jpg'),
(4, 'ALEXANDER', 'Levy', 'Homme', '30 rue des loisirs', 92110, 'Clichy', '0777403169', '1990-08-01', '../image/homme4.jpg'),
(5, 'DUBUISSON', 'Victor', 'Homme', '17 rue turbigo', 75019, 'Paris', '0787777250', '1990-04-22', '../image/homme5.jpg'),
(6, 'PAVON', 'Matthieu', 'Homme', '22 rue victor-hugo', 92200, 'Neuilly-sur-Seine', '0763454107', '1992-11-02', '../image/homme6.jpg'),
(7, 'HEBERT', 'Benjamin ', 'Homme', '121 Av. des Champs-Élysées', 75008, 'Paris', '0789983250', '1991-09-22', '../image/homme7.jpg'),
(8, 'GUERRIER', 'Julien', 'Homme', '80 Boulevard davot', 75020, 'Paris', '0763441237', '1985-07-01', '../image/homme8.jpg'),
(9, 'VERA LORENZ', 'Michael ', 'Homme', '152 Av. République', 75003, 'Paris', '0787415471', '1990-09-17', '../image/homme9.jpg'),
(10, 'GONNET', 'Baptiste', 'Homme', '107 Av. Belleville', 75019, 'Paris', '0763208569', '1994-10-12', '../image/homme10.jpg'),
(11, 'BRUN', 'Julien', 'Homme', '06 rue marie-louise', 38000, 'Grenoble', '0789996320', '1989-06-18', '../image/homme11.jpg'),
(12, 'LACROIX', 'Frederic', 'Homme', '30 rue de montagne', 75011, 'Paris', '0689551170', '1992-09-11', '../image/homme12.jpg'),
(13, 'BARJON', 'Paul', 'Homme', '17 rue alain', 69000, 'Lyon', '0789530412', '1990-09-12', '../image/homme13.jpg'),
(14, 'SADDIER', 'Adrien', 'Homme', '20 rue victor-hugo', 92200, 'Neuilly-sur-Seine', '0763498996', '1990-05-02', '../image/homme14.jpg'),
(15, 'MORY', 'Felix', 'Homme', '111 Av. des Champs-Élysées', 75008, 'Paris', '0789783791', '1995-02-28', '../image/homme15.jpg'),
(17, 'TEREZ', 'Victorine', 'Femme', '132 Av. des Champs-Élysées', 75008, 'Paris', '0787810250', '1992-09-02', '../image/femme1.jpg'),
(18, 'RONIER', 'Antonia', 'Femme', '110 Boulevard Menilmontant', 75020, 'Paris', '0763208957', '1993-02-12', '../image/femme2.jpg'),
(19, 'LARY', 'Romaine', 'Femme', '09 rue léon blum', 26500, 'Bourg-Lès-Valence', '0789986250', '1995-03-18', '../image/femme3.jpg'),
(20, 'DARIAN', 'Levine', 'Femme', '15 rue des loisirs', 92110, 'Clichy', '0777803169', '1990-08-01', '../image/femme4.jpg'),
(21, 'BUISSON', 'Victoria', 'Femme', '08 rue turbigo', 75019, 'Paris', '0787777250', '1990-08-22', '../image/femme5.jpg'),
(22, 'RAVON', 'Mathilde', 'Femme', '20 rue victor-hugo', 92200, 'Neuilly-sur-Seine', '0763858107', '1992-11-02', '../image/femme6.jpg'),
(23, 'ECKBERT', 'Benjamine ', 'Femme', '160 Av. des Champs-Élysées', 75008, 'Paris', '0789983250', '1991-09-22', '../image/femme7.jpg'),
(24, 'GARION', 'Julia', 'Femme', '83 Boulevard davot', 75020, 'Paris', '0763881237', '1985-07-01', '../image/femme8.jpg'),
(25, 'LORENZO', 'Elise ', 'Femme', '122 Av. République', 75003, 'Paris', '0787815871', '1990-09-17', '../image/femme9.jpg'),
(26, 'BONNET', 'Jacqueline', 'Femme', '102 Av. Belleville', 75019, 'Paris', '0763208569', '1998-10-12', '../image/femme10.jpg'),
(27, 'BLANC', 'Marie', 'Femme', '10 rue marie-louise', 38000, 'Grenoble', '0789996320', '1989-06-18', '../image/femme11.jpg'),
(28, 'LECROUX', 'Frederica', 'Femme', '33 rue de montagne', 75011, 'Paris', '0689551170', '1992-09-11', '../image/femme12.jpg'),
(29, 'BARJON', 'Pauline', 'Femme', '27 rue alain', 69000, 'Lyon', '0789530812', '1990-09-12', '../image/femme13.jpg'),
(30, 'SADIO', 'Adriana', 'Femme', '22 rue victor-hugo', 92200, 'Neuilly-sur-Seine', '0763898996', '1990-05-02', '../image/femme14.jpg'),
(31, 'MORIA', 'Felicia', 'Femme', '107 Av. des Champs-Élysées', 75008, 'Paris', '0789783791', '1995-02-28', '../image/femme15.jpg');

-- --------------------------------------------------------

--
-- Structure de la table `joueur_tournoi`
--

CREATE TABLE `joueur_tournoi` (
  `joueur_id` int(3) NOT NULL,
  `saisonId` int(4) NOT NULL,
  `tournoi_idTournoi` int(3) NOT NULL,
  `tournoiGagne` tinyint(1) DEFAULT NULL
) ENGINE=InnoDB DEFAULT CHARSET=utf8mb4 COLLATE=utf8mb4_unicode_ci;

--
-- Déchargement des données de la table `joueur_tournoi`
--

INSERT INTO `joueur_tournoi` (`joueur_id`, `saisonId`, `tournoi_idTournoi`, `tournoiGagne`) VALUES
(1, 2022, 1, 0),
(1, 2022, 2, 0),
(1, 2022, 4, 0),
(2, 2022, 1, 0),
(2, 2022, 2, 0),
(2, 2022, 4, 0),
(3, 2022, 1, 0),
(3, 2022, 2, 0),
(3, 2022, 4, 0),
(4, 2022, 1, 0),
(4, 2022, 2, 0),
(4, 2022, 4, 0),
(5, 2022, 1, 0),
(5, 2022, 2, 0),
(5, 2022, 4, 0),
(6, 2022, 1, 0),
(6, 2022, 2, 0),
(6, 2022, 4, 0),
(7, 2022, 1, 0),
(7, 2022, 2, 0),
(7, 2022, 4, 0),
(8, 2022, 1, 0),
(8, 2022, 2, 0),
(8, 2022, 4, 0),
(9, 2022, 1, 0),
(9, 2022, 2, 0),
(9, 2022, 4, 0),
(10, 2022, 1, 0),
(10, 2022, 2, 0),
(10, 2022, 4, 0),
(11, 2022, 1, 0),
(11, 2022, 2, 0),
(11, 2022, 4, 0),
(12, 2022, 1, 0),
(12, 2022, 2, 0),
(12, 2022, 4, 0),
(13, 2022, 1, 0),
(13, 2022, 2, 0),
(13, 2022, 4, 0),
(14, 2022, 1, 0),
(14, 2022, 2, 0),
(14, 2022, 4, 0),
(15, 2022, 1, 0),
(15, 2022, 2, 0),
(15, 2022, 4, 0),
(17, 2022, 3, 0),
(17, 2022, 5, 0),
(18, 2022, 3, 0),
(18, 2022, 5, 0),
(19, 2022, 3, 0),
(19, 2022, 5, 0),
(20, 2022, 3, 0),
(20, 2022, 5, 0),
(21, 2022, 3, 0),
(21, 2022, 5, 0),
(22, 2022, 3, 0),
(22, 2022, 5, 0),
(23, 2022, 3, 0),
(23, 2022, 5, 0),
(24, 2022, 3, 0),
(24, 2022, 5, 0),
(25, 2022, 3, 0),
(25, 2022, 5, 0),
(26, 2022, 3, 0),
(26, 2022, 5, 0),
(27, 2022, 3, 0),
(27, 2022, 5, 0),
(28, 2022, 3, 0),
(28, 2022, 5, 0),
(29, 2022, 3, 0),
(29, 2022, 5, 0),
(30, 2022, 3, 0),
(30, 2022, 5, 0),
(31, 2022, 3, 0),
(31, 2022, 5, 0);

-- --------------------------------------------------------

--
-- Structure de la table `migrations`
--

CREATE TABLE `migrations` (
  `id` int(10) UNSIGNED NOT NULL,
  `migration` varchar(255) COLLATE utf8mb4_unicode_ci NOT NULL,
  `batch` int(11) NOT NULL
) ENGINE=InnoDB DEFAULT CHARSET=utf8mb4 COLLATE=utf8mb4_unicode_ci;

--
-- Déchargement des données de la table `migrations`
--

INSERT INTO `migrations` (`id`, `migration`, `batch`) VALUES
(1, '2014_10_12_000000_create_users_table', 1),
(2, '2014_10_12_100000_create_password_resets_table', 1),
(3, '2019_08_19_000000_create_failed_jobs_table', 1),
(4, '2019_12_14_000001_create_personal_access_tokens_table', 1),
(5, '2022_03_03_114956_create_joueurs_table', 1),
(6, '2022_03_03_115059_create_saisons_table', 1),
(7, '2022_03_03_115117_create_parcours_table', 1),
(8, '2022_03_03_153536_create_tournois_table', 1),
(9, '2022_03_03_153737_create_joueur_tournoi_table', 1),
(10, '2022_03_03_153806_create_trous_table', 1),
(11, '2022_03_03_153819_create_dates_table', 1),
(12, '2022_03_03_153832_create_coups_table', 1);

-- --------------------------------------------------------

--
-- Structure de la table `parcours`
--

CREATE TABLE `parcours` (
  `idParcours` int(3) NOT NULL,
  `nomParcours` varchar(30) COLLATE utf8mb4_unicode_ci NOT NULL,
  `adresseParcours` varchar(80) COLLATE utf8mb4_unicode_ci DEFAULT NULL,
  `cpParcours` int(5) DEFAULT NULL,
  `villeParcours` varchar(30) COLLATE utf8mb4_unicode_ci DEFAULT NULL
) ENGINE=InnoDB DEFAULT CHARSET=utf8mb4 COLLATE=utf8mb4_unicode_ci;

--
-- Déchargement des données de la table `parcours`
--

INSERT INTO `parcours` (`idParcours`, `nomParcours`, `adresseParcours`, `cpParcours`, `villeParcours`) VALUES
(1, 'Golf de Saint-Germain', 'Route de Poissy', 78100, 'Saint-Germain-en-Laye'),
(2, 'Golf de Nîmes Campagne', '1360 Chemin du Mas de Campagne', 30900, 'Nîmes'),
(3, 'Golf de Mérignies', '1245 Avenue du Golf', 59710, 'Mérignies'),
(4, 'Golf de Bondues', 'Château, Domain de la Vigne', 59910, 'Bondues'),
(5, 'Golf de Morfontaine', '80 Boulevard davot', 60128, 'Mortefontaine'),
(6, 'Golf du Médoc', '80 Boulevard davot', 75020, 'Paris');

-- --------------------------------------------------------

--
-- Structure de la table `password_resets`
--

CREATE TABLE `password_resets` (
  `email` varchar(255) COLLATE utf8mb4_unicode_ci NOT NULL,
  `token` varchar(255) COLLATE utf8mb4_unicode_ci NOT NULL,
  `created_at` timestamp NULL DEFAULT NULL
) ENGINE=InnoDB DEFAULT CHARSET=utf8mb4 COLLATE=utf8mb4_unicode_ci;

-- --------------------------------------------------------

--
-- Structure de la table `personal_access_tokens`
--

CREATE TABLE `personal_access_tokens` (
  `id` bigint(20) UNSIGNED NOT NULL,
  `tokenable_type` varchar(255) COLLATE utf8mb4_unicode_ci NOT NULL,
  `tokenable_id` bigint(20) UNSIGNED NOT NULL,
  `name` varchar(255) COLLATE utf8mb4_unicode_ci NOT NULL,
  `token` varchar(64) COLLATE utf8mb4_unicode_ci NOT NULL,
  `abilities` text COLLATE utf8mb4_unicode_ci,
  `last_used_at` timestamp NULL DEFAULT NULL,
  `created_at` timestamp NULL DEFAULT NULL,
  `updated_at` timestamp NULL DEFAULT NULL
) ENGINE=InnoDB DEFAULT CHARSET=utf8mb4 COLLATE=utf8mb4_unicode_ci;

-- --------------------------------------------------------

--
-- Structure de la table `resultats`
--

CREATE TABLE `resultats` (
  `joueurId` int(3) NOT NULL,
  `parcoursId` int(3) NOT NULL,
  `couleur` varchar(20) COLLATE utf8mb4_unicode_ci NOT NULL,
  `saisonId` int(4) NOT NULL,
  `tournoiId` int(3) NOT NULL,
  `jour` int(2) NOT NULL,
  `resultat` int(11) DEFAULT NULL
) ENGINE=InnoDB DEFAULT CHARSET=utf8mb4 COLLATE=utf8mb4_unicode_ci;

--
-- Déchargement des données de la table `resultats`
--

INSERT INTO `resultats` (`joueurId`, `parcoursId`, `couleur`, `saisonId`, `tournoiId`, `jour`, `resultat`) VALUES
(1, 1, 'Blanc', 2022, 1, 1, NULL),
(1, 1, 'Blanc', 2022, 1, 2, NULL),
(1, 1, 'Jaune', 2022, 1, 1, NULL),
(1, 1, 'Jaune', 2022, 1, 2, NULL),
(1, 1, 'Noir', 2022, 1, 1, 9),
(1, 1, 'Noir', 2022, 1, 2, 27),
(1, 2, 'Blanc', 2022, 2, 1, NULL),
(1, 2, 'Blanc', 2022, 2, 2, NULL),
(1, 2, 'Jaune', 2022, 2, 1, NULL),
(1, 2, 'Jaune', 2022, 2, 2, NULL),
(1, 2, 'Noir', 2022, 2, 1, 19),
(1, 2, 'Noir', 2022, 2, 2, 13),
(1, 4, 'Noir', 2022, 4, 1, 24),
(1, 4, 'Noir', 2022, 4, 2, 18),
(2, 1, 'Blanc', 2022, 1, 1, NULL),
(2, 1, 'Blanc', 2022, 1, 2, NULL),
(2, 1, 'Jaune', 2022, 1, 1, 13),
(2, 1, 'Jaune', 2022, 1, 2, 19),
(2, 1, 'Noir', 2022, 1, 1, NULL),
(2, 1, 'Noir', 2022, 1, 2, NULL),
(2, 2, 'Blanc', 2022, 2, 1, NULL),
(2, 2, 'Blanc', 2022, 2, 2, NULL),
(2, 2, 'Jaune', 2022, 2, 1, 19),
(2, 2, 'Jaune', 2022, 2, 2, 13),
(2, 2, 'Noir', 2022, 2, 1, NULL),
(2, 2, 'Noir', 2022, 2, 2, NULL),
(2, 4, 'Jaune', 2022, 4, 1, 18),
(2, 4, 'Jaune', 2022, 4, 2, 15),
(3, 1, 'Blanc', 2022, 1, 1, 19),
(3, 1, 'Blanc', 2022, 1, 2, 46),
(3, 1, 'Jaune', 2022, 1, 1, NULL),
(3, 1, 'Jaune', 2022, 1, 2, NULL),
(3, 1, 'Noir', 2022, 1, 1, NULL),
(3, 1, 'Noir', 2022, 1, 2, NULL),
(3, 2, 'Blanc', 2022, 2, 1, 19),
(3, 2, 'Blanc', 2022, 2, 2, 13),
(3, 2, 'Jaune', 2022, 2, 1, NULL),
(3, 2, 'Jaune', 2022, 2, 2, NULL),
(3, 2, 'Noir', 2022, 2, 1, NULL),
(3, 2, 'Noir', 2022, 2, 2, NULL),
(3, 4, 'Blanc', 2022, 4, 1, 13),
(3, 4, 'Blanc', 2022, 4, 2, 14),
(4, 1, 'Blanc', 2022, 1, 1, NULL),
(4, 1, 'Blanc', 2022, 1, 2, NULL),
(4, 1, 'Jaune', 2022, 1, 1, NULL),
(4, 1, 'Jaune', 2022, 1, 2, NULL),
(4, 1, 'Noir', 2022, 1, 1, 1),
(4, 1, 'Noir', 2022, 1, 2, 32),
(4, 2, 'Blanc', 2022, 2, 1, NULL),
(4, 2, 'Blanc', 2022, 2, 2, NULL),
(4, 2, 'Jaune', 2022, 2, 1, NULL),
(4, 2, 'Jaune', 2022, 2, 2, NULL),
(4, 2, 'Noir', 2022, 2, 1, 1),
(4, 2, 'Noir', 2022, 2, 2, 40),
(4, 4, 'Noir', 2022, 4, 1, 7),
(4, 4, 'Noir', 2022, 4, 2, 11),
(5, 1, 'Blanc', 2022, 1, 1, NULL),
(5, 1, 'Blanc', 2022, 1, 2, NULL),
(5, 1, 'Jaune', 2022, 1, 1, -1),
(5, 1, 'Jaune', 2022, 1, 2, 24),
(5, 1, 'Noir', 2022, 1, 1, NULL),
(5, 1, 'Noir', 2022, 1, 2, NULL),
(5, 2, 'Blanc', 2022, 2, 1, NULL),
(5, 2, 'Blanc', 2022, 2, 2, NULL),
(5, 2, 'Jaune', 2022, 2, 1, 1),
(5, 2, 'Jaune', 2022, 2, 2, 40),
(5, 2, 'Noir', 2022, 2, 1, NULL),
(5, 2, 'Noir', 2022, 2, 2, NULL),
(5, 4, 'Jaune', 2022, 4, 1, 4),
(5, 4, 'Jaune', 2022, 4, 2, 9),
(6, 1, 'Blanc', 2022, 1, 1, 1),
(6, 1, 'Blanc', 2022, 1, 2, 25),
(6, 1, 'Jaune', 2022, 1, 1, NULL),
(6, 1, 'Jaune', 2022, 1, 2, NULL),
(6, 1, 'Noir', 2022, 1, 1, NULL),
(6, 1, 'Noir', 2022, 1, 2, NULL),
(6, 2, 'Blanc', 2022, 2, 1, 1),
(6, 2, 'Blanc', 2022, 2, 2, 40),
(6, 2, 'Jaune', 2022, 2, 1, NULL),
(6, 2, 'Jaune', 2022, 2, 2, NULL),
(6, 2, 'Noir', 2022, 2, 1, NULL),
(6, 2, 'Noir', 2022, 2, 2, NULL),
(6, 4, 'Blanc', 2022, 4, 1, 7),
(6, 4, 'Blanc', 2022, 4, 2, 6),
(7, 1, 'Blanc', 2022, 1, 1, NULL),
(7, 1, 'Blanc', 2022, 1, 2, NULL),
(7, 1, 'Noir', 2022, 1, 1, -4),
(7, 1, 'Noir', 2022, 1, 2, 22),
(7, 2, 'Blanc', 2022, 2, 1, NULL),
(7, 2, 'Blanc', 2022, 2, 2, NULL),
(7, 2, 'Jaune', 2022, 2, 1, NULL),
(7, 2, 'Jaune', 2022, 2, 2, NULL),
(7, 2, 'Noir', 2022, 2, 1, 41),
(7, 2, 'Noir', 2022, 2, 2, 32),
(7, 4, 'Noir', 2022, 4, 1, -6),
(7, 4, 'Noir', 2022, 4, 2, -1),
(8, 1, 'Blanc', 2022, 1, 1, NULL),
(8, 1, 'Blanc', 2022, 1, 2, NULL),
(8, 1, 'Jaune', 2022, 1, 1, -4),
(8, 1, 'Jaune', 2022, 1, 2, 39),
(8, 1, 'Noir', 2022, 1, 1, NULL),
(8, 1, 'Noir', 2022, 1, 2, NULL),
(8, 2, 'Blanc', 2022, 2, 1, NULL),
(8, 2, 'Blanc', 2022, 2, 2, NULL),
(8, 2, 'Jaune', 2022, 2, 1, 41),
(8, 2, 'Jaune', 2022, 2, 2, 32),
(8, 2, 'Noir', 2022, 2, 1, NULL),
(8, 2, 'Noir', 2022, 2, 2, NULL),
(8, 4, 'Jaune', 2022, 4, 1, -8),
(8, 4, 'Jaune', 2022, 4, 2, -2),
(9, 1, 'Blanc', 2022, 1, 1, 18),
(9, 1, 'Blanc', 2022, 1, 2, 37),
(9, 1, 'Jaune', 2022, 1, 1, NULL),
(9, 1, 'Jaune', 2022, 1, 2, NULL),
(9, 1, 'Noir', 2022, 1, 1, NULL),
(9, 1, 'Noir', 2022, 1, 2, NULL),
(9, 2, 'Blanc', 2022, 2, 1, 41),
(9, 2, 'Blanc', 2022, 2, 2, 32),
(9, 2, 'Jaune', 2022, 2, 1, NULL),
(9, 2, 'Jaune', 2022, 2, 2, NULL),
(9, 2, 'Noir', 2022, 2, 1, NULL),
(9, 2, 'Noir', 2022, 2, 2, NULL),
(9, 4, 'Blanc', 2022, 4, 1, 0),
(9, 4, 'Blanc', 2022, 4, 2, -3),
(10, 1, 'Blanc', 2022, 1, 1, NULL),
(10, 1, 'Blanc', 2022, 1, 2, NULL),
(10, 1, 'Jaune', 2022, 1, 1, NULL),
(10, 1, 'Jaune', 2022, 1, 2, NULL),
(10, 1, 'Noir', 2022, 1, 1, 23),
(10, 1, 'Noir', 2022, 1, 2, 41),
(10, 2, 'Blanc', 2022, 2, 1, NULL),
(10, 2, 'Blanc', 2022, 2, 2, NULL),
(10, 2, 'Jaune', 2022, 2, 1, NULL),
(10, 2, 'Jaune', 2022, 2, 2, NULL),
(10, 2, 'Noir', 2022, 2, 1, 28),
(10, 2, 'Noir', 2022, 2, 2, 19),
(10, 4, 'Noir', 2022, 4, 1, 19),
(10, 4, 'Noir', 2022, 4, 2, -4),
(11, 1, 'Blanc', 2022, 1, 1, NULL),
(11, 1, 'Blanc', 2022, 1, 2, NULL),
(11, 1, 'Jaune', 2022, 1, 1, 18),
(11, 1, 'Jaune', 2022, 1, 2, 49),
(11, 1, 'Noir', 2022, 1, 1, NULL),
(11, 1, 'Noir', 2022, 1, 2, NULL),
(11, 2, 'Blanc', 2022, 2, 1, NULL),
(11, 2, 'Blanc', 2022, 2, 2, NULL),
(11, 2, 'Jaune', 2022, 2, 1, 28),
(11, 2, 'Jaune', 2022, 2, 2, 19),
(11, 2, 'Noir', 2022, 2, 1, NULL),
(11, 2, 'Noir', 2022, 2, 2, NULL),
(11, 4, 'Jaune', 2022, 4, 1, 23),
(11, 4, 'Jaune', 2022, 4, 2, -1),
(12, 1, 'Blanc', 2022, 1, 1, 17),
(12, 1, 'Blanc', 2022, 1, 2, 50),
(12, 1, 'Jaune', 2022, 1, 1, NULL),
(12, 1, 'Jaune', 2022, 1, 2, NULL),
(12, 1, 'Noir', 2022, 1, 1, NULL),
(12, 1, 'Noir', 2022, 1, 2, NULL),
(12, 2, 'Blanc', 2022, 2, 1, 28),
(12, 2, 'Blanc', 2022, 2, 2, 19),
(12, 2, 'Jaune', 2022, 2, 1, NULL),
(12, 2, 'Jaune', 2022, 2, 2, NULL),
(12, 2, 'Noir', 2022, 2, 1, NULL),
(12, 2, 'Noir', 2022, 2, 2, NULL),
(12, 4, 'Blanc', 2022, 4, 1, 19),
(12, 4, 'Blanc', 2022, 4, 2, -5),
(13, 1, 'Blanc', 2022, 1, 1, NULL),
(13, 1, 'Blanc', 2022, 1, 2, NULL),
(13, 1, 'Jaune', 2022, 1, 1, NULL),
(13, 1, 'Jaune', 2022, 1, 2, NULL),
(13, 1, 'Noir', 2022, 1, 1, 12),
(13, 1, 'Noir', 2022, 1, 2, 44),
(13, 2, 'Blanc', 2022, 2, 1, NULL),
(13, 2, 'Blanc', 2022, 2, 2, NULL),
(13, 2, 'Jaune', 2022, 2, 1, NULL),
(13, 2, 'Jaune', 2022, 2, 2, NULL),
(13, 2, 'Noir', 2022, 2, 1, 22),
(13, 2, 'Noir', 2022, 2, 2, 27),
(13, 4, 'Noir', 2022, 4, 1, 14),
(13, 4, 'Noir', 2022, 4, 2, 17),
(14, 1, 'Blanc', 2022, 1, 1, NULL),
(14, 1, 'Blanc', 2022, 1, 2, NULL),
(14, 1, 'Jaune', 2022, 1, 1, 34),
(14, 1, 'Jaune', 2022, 1, 2, 40),
(14, 1, 'Noir', 2022, 1, 1, NULL),
(14, 1, 'Noir', 2022, 1, 2, NULL),
(14, 2, 'Blanc', 2022, 2, 1, NULL),
(14, 2, 'Blanc', 2022, 2, 2, NULL),
(14, 2, 'Jaune', 2022, 2, 1, 18),
(14, 2, 'Jaune', 2022, 2, 2, 18),
(14, 2, 'Noir', 2022, 2, 1, NULL),
(14, 2, 'Noir', 2022, 2, 2, NULL),
(14, 4, 'Jaune', 2022, 4, 1, 15),
(14, 4, 'Jaune', 2022, 4, 2, 16),
(15, 1, 'Blanc', 2022, 1, 1, 31),
(15, 1, 'Blanc', 2022, 1, 2, 21),
(15, 1, 'Jaune', 2022, 1, 1, NULL),
(15, 1, 'Jaune', 2022, 1, 2, NULL),
(15, 1, 'Noir', 2022, 1, 1, NULL),
(15, 1, 'Noir', 2022, 1, 2, NULL),
(15, 2, 'Blanc', 2022, 2, 1, 18),
(15, 2, 'Blanc', 2022, 2, 2, 18),
(15, 2, 'Jaune', 2022, 2, 1, NULL),
(15, 2, 'Jaune', 2022, 2, 2, NULL),
(15, 2, 'Noir', 2022, 2, 1, NULL),
(15, 2, 'Noir', 2022, 2, 2, NULL),
(15, 4, 'Blanc', 2022, 4, 1, 5),
(15, 4, 'Blanc', 2022, 4, 2, 19),
(17, 3, 'Rouge', 2022, 3, 1, 19),
(17, 5, 'Rouge', 2022, 5, 1, 7),
(17, 5, 'Rouge', 2022, 5, 2, 23),
(18, 3, 'Bleu', 2022, 3, 1, 18),
(18, 5, 'Bleu', 2022, 5, 1, 11),
(18, 5, 'Bleu', 2022, 5, 2, 23),
(19, 3, 'Rouge', 2022, 3, 1, 14),
(19, 5, 'Rouge', 2022, 5, 1, 15),
(19, 5, 'Rouge', 2022, 5, 2, 16),
(20, 3, 'Bleu', 2022, 3, 1, 13),
(20, 5, 'Bleu', 2022, 5, 1, 17),
(20, 5, 'Bleu', 2022, 5, 2, 12),
(21, 3, 'Rouge', 2022, 3, 1, 8),
(21, 5, 'Rouge', 2022, 5, 1, 35),
(21, 5, 'Rouge', 2022, 5, 2, 21),
(22, 3, 'Bleu', 2022, 3, 1, 8),
(22, 5, 'Bleu', 2022, 5, 1, 36),
(22, 5, 'Bleu', 2022, 5, 2, 22),
(23, 3, 'Rouge', 2022, 3, 1, 3),
(23, 5, 'Rouge', 2022, 5, 1, 31),
(23, 5, 'Rouge', 2022, 5, 2, 40),
(24, 3, 'Bleu', 2022, 3, 1, 2),
(24, 5, 'Bleu', 2022, 5, 1, 29),
(24, 5, 'Bleu', 2022, 5, 2, 41),
(25, 3, 'Rouge', 2022, 3, 1, 0),
(25, 5, 'Rouge', 2022, 5, 1, 24),
(25, 5, 'Rouge', 2022, 5, 2, 47),
(26, 3, 'Bleu', 2022, 3, 1, 0),
(26, 5, 'Bleu', 2022, 5, 1, 22),
(26, 5, 'Bleu', 2022, 5, 2, 49),
(27, 3, 'Rouge', 2022, 3, 1, 10),
(27, 5, 'Rouge', 2022, 5, 1, 18),
(27, 5, 'Rouge', 2022, 5, 2, 36),
(28, 3, 'Bleu', 2022, 3, 1, 13),
(28, 5, 'Bleu', 2022, 5, 1, 18),
(28, 5, 'Bleu', 2022, 5, 2, 35),
(29, 3, 'Rouge', 2022, 3, 1, 18),
(29, 5, 'Rouge', 2022, 5, 1, 13),
(29, 5, 'Rouge', 2022, 5, 2, 24),
(30, 3, 'Bleu', 2022, 3, 1, 22),
(30, 5, 'Bleu', 2022, 5, 1, 11),
(30, 5, 'Bleu', 2022, 5, 2, 23),
(31, 3, 'Rouge', 2022, 3, 1, 26),
(31, 5, 'Rouge', 2022, 5, 1, -5),
(31, 5, 'Rouge', 2022, 5, 2, -6);

-- --------------------------------------------------------

--
-- Structure de la table `saisons`
--

CREATE TABLE `saisons` (
  `idSaison` int(4) NOT NULL,
  `nomSaison` varchar(10) COLLATE utf8mb4_unicode_ci NOT NULL,
  `debutSaison` date DEFAULT NULL,
  `finSaison` date DEFAULT NULL
) ENGINE=InnoDB DEFAULT CHARSET=utf8mb4 COLLATE=utf8mb4_unicode_ci;

--
-- Déchargement des données de la table `saisons`
--

INSERT INTO `saisons` (`idSaison`, `nomSaison`, `debutSaison`, `finSaison`) VALUES
(2020, '2019-2020', '2019-12-10', '2020-10-08'),
(2021, '2020-2021', '2020-12-13', '2021-10-11'),
(2022, '2021-2022', '2021-12-10', '2022-10-08'),
(2023, '2022-2023', '2022-11-10', '2023-12-08');

-- --------------------------------------------------------

--
-- Structure de la table `tournois`
--

CREATE TABLE `tournois` (
  `saisonId` int(4) NOT NULL,
  `idTournoi` int(3) NOT NULL,
  `parcoursId` int(3) NOT NULL,
  `nomTournoi` varchar(50) COLLATE utf8mb4_unicode_ci NOT NULL,
  `debut` date DEFAULT NULL,
  `fin` date DEFAULT NULL,
  `categorie` varchar(30) COLLATE utf8mb4_unicode_ci NOT NULL
) ENGINE=InnoDB DEFAULT CHARSET=utf8mb4 COLLATE=utf8mb4_unicode_ci;

--
-- Déchargement des données de la table `tournois`
--

INSERT INTO `tournois` (`saisonId`, `idTournoi`, `parcoursId`, `nomTournoi`, `debut`, `fin`, `categorie`) VALUES
(2022, 1, 1, 'Trophée Golfers Club', '2022-03-12', '2022-03-13', 'Messieurs'),
(2022, 2, 2, 'Trophée Gounouilhou', '2022-03-12', '2022-03-13', 'Messieurs'),
(2022, 3, 3, 'Trophée Cotnareanu', '2022-03-20', '2022-03-21', 'Dames'),
(2022, 4, 4, 'Trophée Puiforcat', '2022-03-15', '2022-03-17', 'Messieurs'),
(2022, 5, 5, 'Trophée Golfers Ladies', '2022-03-18', '2022-03-19', 'Dames');

-- --------------------------------------------------------

--
-- Structure de la table `trous`
--

CREATE TABLE `trous` (
  `parcoursId` int(3) NOT NULL,
  `idTrou` int(2) NOT NULL,
  `couleur` varchar(20) COLLATE utf8mb4_unicode_ci NOT NULL,
  `genreJoueur` varchar(10) COLLATE utf8mb4_unicode_ci NOT NULL,
  `par` int(11) NOT NULL,
  `distanceMetre` int(5) NOT NULL,
  `uniteMetre` char(1) COLLATE utf8mb4_unicode_ci NOT NULL,
  `distanceYard` int(5) NOT NULL,
  `uniteYard` char(1) COLLATE utf8mb4_unicode_ci NOT NULL
) ENGINE=InnoDB DEFAULT CHARSET=utf8mb4 COLLATE=utf8mb4_unicode_ci;

--
-- Déchargement des données de la table `trous`
--

INSERT INTO `trous` (`parcoursId`, `idTrou`, `couleur`, `genreJoueur`, `par`, `distanceMetre`, `uniteMetre`, `distanceYard`, `uniteYard`) VALUES
(1, 1, 'Blanc', 'Messieurs', 5, 496, 'm', 546, 'y'),
(1, 1, 'Bleu', 'Dames', 5, 470, 'm', 427, 'y'),
(1, 1, 'Jaune', 'Messieurs', 5, 480, 'm', 437, 'y'),
(1, 1, 'Noir', 'Messieurs', 5, 513, 'm', 564, 'y'),
(1, 1, 'Rouge', 'Dames', 5, 460, 'm', 417, 'y'),
(1, 2, 'Blanc', 'Messieurs', 3, 142, 'm', 156, 'y'),
(1, 2, 'Bleu', 'Dames', 3, 120, 'm', 138, 'y'),
(1, 2, 'Jaune', 'Messieurs', 3, 130, 'm', 148, 'y'),
(1, 2, 'Noir', 'Messieurs', 3, 148, 'm', 163, 'y'),
(1, 2, 'Rouge', 'Dames', 3, 110, 'm', 128, 'y'),
(1, 3, 'Blanc', 'Messieurs', 4, 330, 'm', 363, 'y'),
(1, 3, 'Bleu', 'Dames', 4, 307, 'm', 340, 'y'),
(1, 3, 'Jaune', 'Messieurs', 4, 317, 'm', 350, 'y'),
(1, 3, 'Noir', 'Messieurs', 4, 337, 'm', 371, 'y'),
(1, 3, 'Rouge', 'Dames', 4, 297, 'm', 330, 'y'),
(1, 4, 'Blanc', 'Messieurs', 4, 285, 'm', 314, 'y'),
(1, 4, 'Bleu', 'Dames', 4, 262, 'm', 290, 'y'),
(1, 4, 'Jaune', 'Messieurs', 4, 272, 'm', 300, 'y'),
(1, 4, 'Noir', 'Messieurs', 4, 293, 'm', 322, 'y'),
(1, 4, 'Rouge', 'Dames', 4, 252, 'm', 280, 'y'),
(1, 5, 'Blanc', 'Messieurs', 5, 512, 'm', 563, 'y'),
(1, 5, 'Bleu', 'Dames', 5, 491, 'm', 541, 'y'),
(1, 5, 'Jaune', 'Messieurs', 5, 501, 'm', 551, 'y'),
(1, 5, 'Noir', 'Messieurs', 5, 525, 'm', 578, 'y'),
(1, 5, 'Rouge', 'Dames', 5, 481, 'm', 531, 'y'),
(1, 6, 'Blanc', 'Messieurs', 4, 380, 'm', 426, 'y'),
(1, 6, 'Bleu', 'Dames', 4, 356, 'm', 401, 'y'),
(1, 6, 'Jaune', 'Messieurs', 4, 366, 'm', 410, 'y'),
(1, 6, 'Noir', 'Messieurs', 4, 395, 'm', 435, 'y'),
(1, 6, 'Rouge', 'Dames', 4, 346, 'm', 391, 'y'),
(1, 7, 'Blanc', 'Messieurs', 4, 160, 'm', 173, 'y'),
(1, 7, 'Bleu', 'Dames', 4, 148, 'm', 162, 'y'),
(1, 7, 'Jaune', 'Messieurs', 4, 158, 'm', 172, 'y'),
(1, 7, 'Noir', 'Messieurs', 4, 170, 'm', 187, 'y'),
(1, 7, 'Rouge', 'Dames', 4, 138, 'm', 152, 'y'),
(1, 8, 'Blanc', 'Messieurs', 3, 270, 'm', 302, 'y'),
(1, 8, 'Bleu', 'Dames', 3, 248, 'm', 280, 'y'),
(1, 8, 'Jaune', 'Messieurs', 3, 258, 'm', 290, 'y'),
(1, 8, 'Noir', 'Messieurs', 3, 286, 'm', 315, 'y'),
(1, 8, 'Rouge', 'Dames', 3, 238, 'm', 270, 'y'),
(1, 9, 'Blanc', 'Messieurs', 4, 418, 'm', 462, 'y'),
(1, 9, 'Bleu', 'Dames', 4, 493, 'm', 440, 'y'),
(1, 9, 'Jaune', 'Messieurs', 4, 403, 'm', 450, 'y'),
(1, 9, 'Noir', 'Messieurs', 4, 432, 'm', 475, 'y'),
(1, 9, 'Rouge', 'Dames', 4, 483, 'm', 432, 'y'),
(2, 1, 'Blanc', 'Messieurs', 5, 496, 'm', 546, 'y'),
(2, 1, 'Bleu', 'Dames', 5, 470, 'm', 427, 'y'),
(2, 1, 'Jaune', 'Messieurs', 5, 480, 'm', 437, 'y'),
(2, 1, 'Noir', 'Messieurs', 5, 513, 'm', 564, 'y'),
(2, 1, 'Rouge', 'Dames', 5, 460, 'm', 417, 'y'),
(2, 2, 'Blanc', 'Messieurs', 3, 142, 'm', 156, 'y'),
(2, 2, 'Bleu', 'Dames', 3, 120, 'm', 138, 'y'),
(2, 2, 'Jaune', 'Messieurs', 3, 130, 'm', 148, 'y'),
(2, 2, 'Noir', 'Messieurs', 3, 148, 'm', 163, 'y'),
(2, 2, 'Rouge', 'Dames', 3, 110, 'm', 128, 'y'),
(2, 3, 'Blanc', 'Messieurs', 4, 330, 'm', 363, 'y'),
(2, 3, 'Bleu', 'Dames', 4, 307, 'm', 340, 'y'),
(2, 3, 'Jaune', 'Messieurs', 4, 317, 'm', 350, 'y'),
(2, 3, 'Noir', 'Messieurs', 4, 337, 'm', 371, 'y'),
(2, 3, 'Rouge', 'Dames', 4, 297, 'm', 330, 'y'),
(2, 4, 'Blanc', 'Messieurs', 4, 285, 'm', 314, 'y'),
(2, 4, 'Bleu', 'Dames', 4, 262, 'm', 290, 'y'),
(2, 4, 'Jaune', 'Messieurs', 4, 272, 'm', 300, 'y'),
(2, 4, 'Noir', 'Messieurs', 4, 293, 'm', 322, 'y'),
(2, 4, 'Rouge', 'Dames', 4, 252, 'm', 280, 'y'),
(2, 5, 'Blanc', 'Messieurs', 5, 512, 'm', 563, 'y'),
(2, 5, 'Bleu', 'Dames', 5, 491, 'm', 541, 'y'),
(2, 5, 'Jaune', 'Messieurs', 5, 501, 'm', 551, 'y'),
(2, 5, 'Noir', 'Messieurs', 5, 525, 'm', 578, 'y'),
(2, 5, 'Rouge', 'Dames', 5, 481, 'm', 531, 'y'),
(2, 6, 'Blanc', 'Messieurs', 4, 380, 'm', 426, 'y'),
(2, 6, 'Bleu', 'Dames', 4, 356, 'm', 401, 'y'),
(2, 6, 'Jaune', 'Messieurs', 4, 366, 'm', 410, 'y'),
(2, 6, 'Noir', 'Messieurs', 4, 395, 'm', 435, 'y'),
(2, 6, 'Rouge', 'Dames', 4, 346, 'm', 391, 'y'),
(2, 7, 'Blanc', 'Messieurs', 4, 160, 'm', 173, 'y'),
(2, 7, 'Bleu', 'Dames', 4, 148, 'm', 162, 'y'),
(2, 7, 'Jaune', 'Messieurs', 4, 158, 'm', 172, 'y'),
(2, 7, 'Noir', 'Messieurs', 4, 170, 'm', 187, 'y'),
(2, 7, 'Rouge', 'Dames', 4, 138, 'm', 152, 'y'),
(2, 8, 'Blanc', 'Messieurs', 3, 270, 'm', 302, 'y'),
(2, 8, 'Bleu', 'Dames', 3, 248, 'm', 280, 'y'),
(2, 8, 'Jaune', 'Messieurs', 3, 258, 'm', 290, 'y'),
(2, 8, 'Noir', 'Messieurs', 3, 286, 'm', 315, 'y'),
(2, 8, 'Rouge', 'Dames', 3, 238, 'm', 270, 'y'),
(2, 9, 'Blanc', 'Messieurs', 4, 418, 'm', 462, 'y'),
(2, 9, 'Bleu', 'Dames', 4, 493, 'm', 440, 'y'),
(2, 9, 'Jaune', 'Messieurs', 4, 403, 'm', 450, 'y'),
(2, 9, 'Noir', 'Messieurs', 4, 432, 'm', 475, 'y'),
(2, 9, 'Rouge', 'Dames', 4, 483, 'm', 432, 'y'),
(3, 1, 'Blanc', 'Messieurs', 5, 496, 'm', 546, 'y'),
(3, 1, 'Bleu', 'Dames', 5, 470, 'm', 427, 'y'),
(3, 1, 'Jaune', 'Messieurs', 5, 480, 'm', 437, 'y'),
(3, 1, 'Noir', 'Messieurs', 5, 513, 'm', 564, 'y'),
(3, 1, 'Rouge', 'Dames', 5, 460, 'm', 417, 'y'),
(3, 2, 'Blanc', 'Messieurs', 3, 142, 'm', 156, 'y'),
(3, 2, 'Bleu', 'Dames', 3, 120, 'm', 138, 'y'),
(3, 2, 'Jaune', 'Messieurs', 3, 130, 'm', 148, 'y'),
(3, 2, 'Noir', 'Messieurs', 3, 148, 'm', 163, 'y'),
(3, 2, 'Rouge', 'Dames', 3, 110, 'm', 128, 'y'),
(3, 3, 'Blanc', 'Messieurs', 4, 330, 'm', 363, 'y'),
(3, 3, 'Bleu', 'Dames', 4, 307, 'm', 340, 'y'),
(3, 3, 'Jaune', 'Messieurs', 4, 317, 'm', 350, 'y'),
(3, 3, 'Noir', 'Messieurs', 4, 337, 'm', 371, 'y'),
(3, 3, 'Rouge', 'Dames', 4, 297, 'm', 330, 'y'),
(3, 4, 'Blanc', 'Messieurs', 4, 285, 'm', 314, 'y'),
(3, 4, 'Bleu', 'Dames', 4, 262, 'm', 290, 'y'),
(3, 4, 'Jaune', 'Messieurs', 4, 272, 'm', 300, 'y'),
(3, 4, 'Noir', 'Messieurs', 4, 293, 'm', 322, 'y'),
(3, 4, 'Rouge', 'Dames', 4, 252, 'm', 280, 'y'),
(3, 5, 'Blanc', 'Messieurs', 5, 512, 'm', 563, 'y'),
(3, 5, 'Bleu', 'Dames', 5, 491, 'm', 541, 'y'),
(3, 5, 'Jaune', 'Messieurs', 5, 501, 'm', 551, 'y'),
(3, 5, 'Noir', 'Messieurs', 5, 525, 'm', 578, 'y'),
(3, 5, 'Rouge', 'Dames', 5, 481, 'm', 531, 'y'),
(3, 6, 'Blanc', 'Messieurs', 4, 380, 'm', 426, 'y'),
(3, 6, 'Bleu', 'Dames', 4, 356, 'm', 401, 'y'),
(3, 6, 'Jaune', 'Messieurs', 4, 366, 'm', 410, 'y'),
(3, 6, 'Noir', 'Messieurs', 4, 395, 'm', 435, 'y'),
(3, 6, 'Rouge', 'Dames', 4, 346, 'm', 391, 'y'),
(3, 7, 'Blanc', 'Messieurs', 4, 160, 'm', 173, 'y'),
(3, 7, 'Bleu', 'Dames', 4, 148, 'm', 162, 'y'),
(3, 7, 'Jaune', 'Messieurs', 4, 158, 'm', 172, 'y'),
(3, 7, 'Noir', 'Messieurs', 4, 170, 'm', 187, 'y'),
(3, 7, 'Rouge', 'Dames', 4, 138, 'm', 152, 'y'),
(3, 8, 'Blanc', 'Messieurs', 3, 270, 'm', 302, 'y'),
(3, 8, 'Bleu', 'Dames', 3, 248, 'm', 280, 'y'),
(3, 8, 'Jaune', 'Messieurs', 3, 258, 'm', 290, 'y'),
(3, 8, 'Noir', 'Messieurs', 3, 286, 'm', 315, 'y'),
(3, 8, 'Rouge', 'Dames', 3, 238, 'm', 270, 'y'),
(3, 9, 'Blanc', 'Messieurs', 4, 418, 'm', 462, 'y'),
(3, 9, 'Bleu', 'Dames', 4, 493, 'm', 440, 'y'),
(3, 9, 'Jaune', 'Messieurs', 4, 403, 'm', 450, 'y'),
(3, 9, 'Noir', 'Messieurs', 4, 432, 'm', 475, 'y'),
(3, 9, 'Rouge', 'Dames', 4, 483, 'm', 432, 'y'),
(4, 1, 'Blanc', 'Messieurs', 5, 496, 'm', 546, 'y'),
(4, 1, 'Bleu', 'Dames', 5, 470, 'm', 427, 'y'),
(4, 1, 'Jaune', 'Messieurs', 5, 480, 'm', 437, 'y'),
(4, 1, 'Noir', 'Messieurs', 5, 513, 'm', 564, 'y'),
(4, 1, 'Rouge', 'Dames', 5, 460, 'm', 417, 'y'),
(4, 2, 'Blanc', 'Messieurs', 3, 142, 'm', 156, 'y'),
(4, 2, 'Bleu', 'Dames', 3, 120, 'm', 138, 'y'),
(4, 2, 'Jaune', 'Messieurs', 3, 130, 'm', 148, 'y'),
(4, 2, 'Noir', 'Messieurs', 3, 148, 'm', 163, 'y'),
(4, 2, 'Rouge', 'Dames', 3, 110, 'm', 128, 'y'),
(4, 3, 'Blanc', 'Messieurs', 4, 330, 'm', 363, 'y'),
(4, 3, 'Bleu', 'Dames', 4, 307, 'm', 340, 'y'),
(4, 3, 'Jaune', 'Messieurs', 4, 317, 'm', 350, 'y'),
(4, 3, 'Noir', 'Messieurs', 4, 337, 'm', 371, 'y'),
(4, 3, 'Rouge', 'Dames', 4, 297, 'm', 330, 'y'),
(4, 4, 'Blanc', 'Messieurs', 4, 285, 'm', 314, 'y'),
(4, 4, 'Bleu', 'Dames', 4, 262, 'm', 290, 'y'),
(4, 4, 'Jaune', 'Messieurs', 4, 272, 'm', 300, 'y'),
(4, 4, 'Noir', 'Messieurs', 4, 293, 'm', 322, 'y'),
(4, 4, 'Rouge', 'Dames', 4, 252, 'm', 280, 'y'),
(4, 5, 'Blanc', 'Messieurs', 5, 512, 'm', 563, 'y'),
(4, 5, 'Bleu', 'Dames', 5, 491, 'm', 541, 'y'),
(4, 5, 'Jaune', 'Messieurs', 5, 501, 'm', 551, 'y'),
(4, 5, 'Noir', 'Messieurs', 5, 525, 'm', 578, 'y'),
(4, 5, 'Rouge', 'Dames', 5, 481, 'm', 531, 'y'),
(4, 6, 'Blanc', 'Messieurs', 4, 380, 'm', 426, 'y'),
(4, 6, 'Bleu', 'Dames', 4, 356, 'm', 401, 'y'),
(4, 6, 'Jaune', 'Messieurs', 4, 366, 'm', 410, 'y'),
(4, 6, 'Noir', 'Messieurs', 4, 395, 'm', 435, 'y'),
(4, 6, 'Rouge', 'Dames', 4, 346, 'm', 391, 'y'),
(4, 7, 'Blanc', 'Messieurs', 4, 160, 'm', 173, 'y'),
(4, 7, 'Bleu', 'Dames', 4, 148, 'm', 162, 'y'),
(4, 7, 'Jaune', 'Messieurs', 4, 158, 'm', 172, 'y'),
(4, 7, 'Noir', 'Messieurs', 4, 170, 'm', 187, 'y'),
(4, 7, 'Rouge', 'Dames', 4, 138, 'm', 152, 'y'),
(4, 8, 'Blanc', 'Messieurs', 3, 270, 'm', 302, 'y'),
(4, 8, 'Bleu', 'Dames', 3, 248, 'm', 280, 'y'),
(4, 8, 'Jaune', 'Messieurs', 3, 258, 'm', 290, 'y'),
(4, 8, 'Noir', 'Messieurs', 3, 286, 'm', 315, 'y'),
(4, 8, 'Rouge', 'Dames', 3, 238, 'm', 270, 'y'),
(4, 9, 'Blanc', 'Messieurs', 4, 418, 'm', 462, 'y'),
(4, 9, 'Bleu', 'Dames', 4, 493, 'm', 440, 'y'),
(4, 9, 'Jaune', 'Messieurs', 4, 403, 'm', 450, 'y'),
(4, 9, 'Noir', 'Messieurs', 4, 432, 'm', 475, 'y'),
(4, 9, 'Rouge', 'Dames', 4, 483, 'm', 432, 'y'),
(5, 1, 'Blanc', 'Messieurs', 5, 496, 'm', 546, 'y'),
(5, 1, 'Bleu', 'Dames', 5, 470, 'm', 427, 'y'),
(5, 1, 'Jaune', 'Messieurs', 5, 480, 'm', 437, 'y'),
(5, 1, 'Noir', 'Messieurs', 5, 513, 'm', 565, 'y'),
(5, 1, 'Rouge', 'Dames', 5, 460, 'm', 417, 'y'),
(5, 2, 'Blanc', 'Messieurs', 3, 142, 'm', 156, 'y'),
(5, 2, 'Bleu', 'Dames', 3, 120, 'm', 138, 'y'),
(5, 2, 'Jaune', 'Messieurs', 3, 130, 'm', 148, 'y'),
(5, 2, 'Noir', 'Messieurs', 3, 148, 'm', 163, 'y'),
(5, 2, 'Rouge', 'Dames', 3, 110, 'm', 128, 'y'),
(5, 3, 'Blanc', 'Messieurs', 4, 330, 'm', 363, 'y'),
(5, 3, 'Bleu', 'Dames', 4, 307, 'm', 340, 'y'),
(5, 3, 'Jaune', 'Messieurs', 4, 317, 'm', 350, 'y'),
(5, 3, 'Noir', 'Messieurs', 4, 337, 'm', 371, 'y'),
(5, 3, 'Rouge', 'Dames', 4, 297, 'm', 330, 'y'),
(5, 4, 'Blanc', 'Messieurs', 4, 285, 'm', 314, 'y'),
(5, 4, 'Bleu', 'Dames', 4, 262, 'm', 290, 'y'),
(5, 4, 'Jaune', 'Messieurs', 4, 272, 'm', 300, 'y'),
(5, 4, 'Noir', 'Messieurs', 4, 293, 'm', 322, 'y'),
(5, 4, 'Rouge', 'Dames', 4, 252, 'm', 280, 'y'),
(5, 5, 'Blanc', 'Messieurs', 5, 512, 'm', 563, 'y'),
(5, 5, 'Bleu', 'Dames', 5, 491, 'm', 541, 'y'),
(5, 5, 'Jaune', 'Messieurs', 5, 501, 'm', 551, 'y'),
(5, 5, 'Noir', 'Messieurs', 5, 525, 'm', 578, 'y'),
(5, 5, 'Rouge', 'Dames', 5, 481, 'm', 531, 'y'),
(5, 6, 'Blanc', 'Messieurs', 4, 380, 'm', 426, 'y'),
(5, 6, 'Bleu', 'Dames', 4, 356, 'm', 401, 'y'),
(5, 6, 'Jaune', 'Messieurs', 4, 366, 'm', 410, 'y'),
(5, 6, 'Noir', 'Messieurs', 4, 395, 'm', 435, 'y'),
(5, 6, 'Rouge', 'Dames', 4, 346, 'm', 391, 'y'),
(5, 7, 'Blanc', 'Messieurs', 4, 160, 'm', 173, 'y'),
(5, 7, 'Bleu', 'Dames', 4, 148, 'm', 162, 'y'),
(5, 7, 'Jaune', 'Messieurs', 4, 158, 'm', 172, 'y'),
(5, 7, 'Noir', 'Messieurs', 4, 170, 'm', 187, 'y'),
(5, 7, 'Rouge', 'Dames', 4, 138, 'm', 152, 'y'),
(5, 8, 'Blanc', 'Messieurs', 3, 270, 'm', 302, 'y'),
(5, 8, 'Bleu', 'Dames', 3, 248, 'm', 280, 'y'),
(5, 8, 'Jaune', 'Messieurs', 3, 258, 'm', 290, 'y'),
(5, 8, 'Noir', 'Messieurs', 3, 286, 'm', 315, 'y'),
(5, 8, 'Rouge', 'Dames', 3, 238, 'm', 270, 'y'),
(5, 9, 'Blanc', 'Messieurs', 4, 418, 'm', 462, 'y'),
(5, 9, 'Bleu', 'Dames', 4, 493, 'm', 440, 'y'),
(5, 9, 'Jaune', 'Messieurs', 4, 403, 'm', 450, 'y'),
(5, 9, 'Noir', 'Messieurs', 4, 432, 'm', 475, 'y'),
(5, 9, 'Rouge', 'Dames', 4, 483, 'm', 432, 'y'),
(6, 1, 'Blanc', 'Messieurs', 5, 496, 'm', 546, 'y'),
(6, 1, 'Bleu', 'Dames', 5, 470, 'm', 427, 'y'),
(6, 1, 'Jaune', 'Messieurs', 5, 480, 'm', 437, 'y'),
(6, 1, 'Noir', 'Messieurs', 5, 513, 'm', 565, 'y'),
(6, 1, 'Rouge', 'Dames', 5, 460, 'm', 417, 'y'),
(6, 2, 'Blanc', 'Messieurs', 3, 142, 'm', 156, 'y'),
(6, 2, 'Bleu', 'Dames', 3, 120, 'm', 138, 'y'),
(6, 2, 'Jaune', 'Messieurs', 3, 130, 'm', 148, 'y'),
(6, 2, 'Noir', 'Messieurs', 3, 148, 'm', 163, 'y'),
(6, 2, 'Rouge', 'Dames', 3, 110, 'm', 128, 'y'),
(6, 3, 'Blanc', 'Messieurs', 4, 330, 'm', 363, 'y'),
(6, 3, 'Bleu', 'Dames', 4, 307, 'm', 340, 'y'),
(6, 3, 'Jaune', 'Messieurs', 4, 317, 'm', 350, 'y'),
(6, 3, 'Noir', 'Messieurs', 4, 337, 'm', 371, 'y'),
(6, 3, 'Rouge', 'Dames', 4, 297, 'm', 330, 'y'),
(6, 4, 'Blanc', 'Messieurs', 4, 285, 'm', 314, 'y'),
(6, 4, 'Bleu', 'Dames', 4, 262, 'm', 290, 'y'),
(6, 4, 'Jaune', 'Messieurs', 4, 272, 'm', 300, 'y'),
(6, 4, 'Noir', 'Messieurs', 4, 293, 'm', 322, 'y'),
(6, 4, 'Rouge', 'Dames', 4, 252, 'm', 280, 'y'),
(6, 5, 'Blanc', 'Messieurs', 5, 512, 'm', 563, 'y'),
(6, 5, 'Bleu', 'Dames', 5, 491, 'm', 541, 'y'),
(6, 5, 'Jaune', 'Messieurs', 5, 501, 'm', 551, 'y'),
(6, 5, 'Noir', 'Messieurs', 5, 525, 'm', 578, 'y'),
(6, 5, 'Rouge', 'Dames', 5, 481, 'm', 531, 'y'),
(6, 6, 'Blanc', 'Messieurs', 4, 380, 'm', 426, 'y'),
(6, 6, 'Bleu', 'Dames', 4, 356, 'm', 401, 'y'),
(6, 6, 'Jaune', 'Messieurs', 4, 366, 'm', 410, 'y'),
(6, 6, 'Noir', 'Messieurs', 4, 395, 'm', 435, 'y'),
(6, 6, 'Rouge', 'Dames', 4, 346, 'm', 391, 'y'),
(6, 7, 'Blanc', 'Messieurs', 4, 160, 'm', 173, 'y'),
(6, 7, 'Bleu', 'Dames', 4, 148, 'm', 162, 'y'),
(6, 7, 'Jaune', 'Messieurs', 4, 158, 'm', 172, 'y'),
(6, 7, 'Noir', 'Messieurs', 4, 170, 'm', 187, 'y'),
(6, 7, 'Rouge', 'Dames', 4, 138, 'm', 152, 'y'),
(6, 8, 'Blanc', 'Messieurs', 3, 270, 'm', 302, 'y'),
(6, 8, 'Bleu', 'Dames', 3, 248, 'm', 280, 'y'),
(6, 8, 'Jaune', 'Messieurs', 3, 258, 'm', 290, 'y'),
(6, 8, 'Noir', 'Messieurs', 3, 286, 'm', 315, 'y'),
(6, 8, 'Rouge', 'Dames', 3, 238, 'm', 270, 'y'),
(6, 9, 'Blanc', 'Messieurs', 4, 418, 'm', 462, 'y'),
(6, 9, 'Bleu', 'Dames', 4, 493, 'm', 440, 'y'),
(6, 9, 'Jaune', 'Messieurs', 4, 403, 'm', 450, 'y'),
(6, 9, 'Noir', 'Messieurs', 4, 432, 'm', 475, 'y'),
(6, 9, 'Rouge', 'Dames', 4, 483, 'm', 432, 'y');

-- --------------------------------------------------------

--
-- Structure de la table `users`
--

CREATE TABLE `users` (
  `id` bigint(20) UNSIGNED NOT NULL,
  `name` varchar(255) COLLATE utf8mb4_unicode_ci NOT NULL,
  `email` varchar(255) COLLATE utf8mb4_unicode_ci NOT NULL,
  `email_verified_at` timestamp NULL DEFAULT NULL,
  `password` varchar(255) COLLATE utf8mb4_unicode_ci NOT NULL,
  `remember_token` varchar(100) COLLATE utf8mb4_unicode_ci DEFAULT NULL,
  `created_at` timestamp NULL DEFAULT NULL,
  `updated_at` timestamp NULL DEFAULT NULL
) ENGINE=InnoDB DEFAULT CHARSET=utf8mb4 COLLATE=utf8mb4_unicode_ci;

--
-- Déchargement des données de la table `users`
--

INSERT INTO `users` (`id`, `name`, `email`, `email_verified_at`, `password`, `remember_token`, `created_at`, `updated_at`) VALUES
(1, 'BALDE', 'alphabalde0102@gmail.com', NULL, '$2y$10$lGJeBghdg7YoMzVyrkh2Lu.ZGk8pz2Nf9OoapIZYpoN4MUxgPjUTm', NULL, '2022-03-04 11:17:43', '2022-03-04 11:17:43');

--
-- Index pour les tables déchargées
--

--
-- Index pour la table `coups`
--
ALTER TABLE `coups`
  ADD PRIMARY KEY (`joueurId`,`parcoursId`,`trouId`,`couleur`,`saisonId`,`tournoiId`,`jour`),
  ADD KEY `i_fk_coups_joueurs` (`joueurId`),
  ADD KEY `i_fk_coups_trous` (`parcoursId`,`trouId`,`couleur`),
  ADD KEY `i_fk_coups_date` (`saisonId`,`tournoiId`,`jour`);

--
-- Index pour la table `dates`
--
ALTER TABLE `dates`
  ADD PRIMARY KEY (`saisonId`,`tournoiId`,`jour`),
  ADD KEY `i_fk_date_tournois` (`saisonId`,`tournoiId`);

--
-- Index pour la table `failed_jobs`
--
ALTER TABLE `failed_jobs`
  ADD PRIMARY KEY (`id`),
  ADD UNIQUE KEY `failed_jobs_uuid_unique` (`uuid`);

--
-- Index pour la table `joueurs`
--
ALTER TABLE `joueurs`
  ADD PRIMARY KEY (`id`);

--
-- Index pour la table `joueur_tournoi`
--
ALTER TABLE `joueur_tournoi`
  ADD PRIMARY KEY (`joueur_id`,`saisonId`,`tournoi_idTournoi`),
  ADD KEY `i_fk_joueurs_tournois_joueurs` (`joueur_id`),
  ADD KEY `i_fk_joueurs_tournois_tournois` (`saisonId`,`tournoi_idTournoi`);

--
-- Index pour la table `migrations`
--
ALTER TABLE `migrations`
  ADD PRIMARY KEY (`id`);

--
-- Index pour la table `parcours`
--
ALTER TABLE `parcours`
  ADD PRIMARY KEY (`idParcours`);

--
-- Index pour la table `password_resets`
--
ALTER TABLE `password_resets`
  ADD KEY `password_resets_email_index` (`email`);

--
-- Index pour la table `personal_access_tokens`
--
ALTER TABLE `personal_access_tokens`
  ADD PRIMARY KEY (`id`),
  ADD UNIQUE KEY `personal_access_tokens_token_unique` (`token`),
  ADD KEY `personal_access_tokens_tokenable_type_tokenable_id_index` (`tokenable_type`,`tokenable_id`);

--
-- Index pour la table `resultats`
--
ALTER TABLE `resultats`
  ADD PRIMARY KEY (`joueurId`,`parcoursId`,`couleur`,`saisonId`,`tournoiId`,`jour`),
  ADD KEY `i_fk_resultats_joueurs` (`joueurId`),
  ADD KEY `i_fk_resultats_trous` (`parcoursId`,`couleur`),
  ADD KEY `i_fk_resultats_date` (`saisonId`,`tournoiId`,`jour`);

--
-- Index pour la table `saisons`
--
ALTER TABLE `saisons`
  ADD PRIMARY KEY (`idSaison`);

--
-- Index pour la table `tournois`
--
ALTER TABLE `tournois`
  ADD PRIMARY KEY (`saisonId`,`idTournoi`),
  ADD KEY `i_fk_tournois_SAISON` (`saisonId`),
  ADD KEY `i_fk_tournois_PARCOURS` (`parcoursId`);

--
-- Index pour la table `trous`
--
ALTER TABLE `trous`
  ADD PRIMARY KEY (`parcoursId`,`idTrou`,`couleur`),
  ADD KEY `i_fk_trous_PARCOURS` (`parcoursId`);

--
-- Index pour la table `users`
--
ALTER TABLE `users`
  ADD PRIMARY KEY (`id`),
  ADD UNIQUE KEY `users_email_unique` (`email`);

--
-- AUTO_INCREMENT pour les tables déchargées
--

--
-- AUTO_INCREMENT pour la table `failed_jobs`
--
ALTER TABLE `failed_jobs`
  MODIFY `id` bigint(20) UNSIGNED NOT NULL AUTO_INCREMENT;

--
-- AUTO_INCREMENT pour la table `joueurs`
--
ALTER TABLE `joueurs`
  MODIFY `id` int(3) NOT NULL AUTO_INCREMENT, AUTO_INCREMENT=32;

--
-- AUTO_INCREMENT pour la table `migrations`
--
ALTER TABLE `migrations`
  MODIFY `id` int(10) UNSIGNED NOT NULL AUTO_INCREMENT, AUTO_INCREMENT=13;

--
-- AUTO_INCREMENT pour la table `parcours`
--
ALTER TABLE `parcours`
  MODIFY `idParcours` int(3) NOT NULL AUTO_INCREMENT, AUTO_INCREMENT=7;

--
-- AUTO_INCREMENT pour la table `personal_access_tokens`
--
ALTER TABLE `personal_access_tokens`
  MODIFY `id` bigint(20) UNSIGNED NOT NULL AUTO_INCREMENT;

--
-- AUTO_INCREMENT pour la table `saisons`
--
ALTER TABLE `saisons`
  MODIFY `idSaison` int(4) NOT NULL AUTO_INCREMENT, AUTO_INCREMENT=2024;

--
-- AUTO_INCREMENT pour la table `users`
--
ALTER TABLE `users`
  MODIFY `id` bigint(20) UNSIGNED NOT NULL AUTO_INCREMENT, AUTO_INCREMENT=2;

--
-- Contraintes pour les tables déchargées
--

--
-- Contraintes pour la table `coups`
--
ALTER TABLE `coups`
  ADD CONSTRAINT `fk_coups_dates` FOREIGN KEY (`saisonId`,`tournoiId`,`jour`) REFERENCES `dates` (`saisonId`, `tournoiId`, `jour`),
  ADD CONSTRAINT `fk_coups_joueur` FOREIGN KEY (`joueurId`) REFERENCES `joueurs` (`id`),
  ADD CONSTRAINT `fk_coups_trous` FOREIGN KEY (`parcoursId`,`trouId`,`couleur`) REFERENCES `trous` (`parcoursId`, `idTrou`, `couleur`);

--
-- Contraintes pour la table `dates`
--
ALTER TABLE `dates`
  ADD CONSTRAINT `fk_dates_tournois` FOREIGN KEY (`saisonId`,`tournoiId`) REFERENCES `tournois` (`saisonId`, `idTournoi`);

--
-- Contraintes pour la table `joueur_tournoi`
--
ALTER TABLE `joueur_tournoi`
  ADD CONSTRAINT `fk_joueurs_tournoi_joueur` FOREIGN KEY (`joueur_id`) REFERENCES `joueurs` (`id`),
  ADD CONSTRAINT `fk_joueurs_tournoi_tournois` FOREIGN KEY (`saisonId`,`tournoi_idTournoi`) REFERENCES `tournois` (`saisonId`, `idTournoi`);

--
-- Contraintes pour la table `tournois`
--
ALTER TABLE `tournois`
  ADD CONSTRAINT `fk_tournois_parcours` FOREIGN KEY (`parcoursId`) REFERENCES `parcours` (`idParcours`),
  ADD CONSTRAINT `fk_tournois_saison` FOREIGN KEY (`saisonId`) REFERENCES `saisons` (`idSaison`);

--
-- Contraintes pour la table `trous`
--
ALTER TABLE `trous`
  ADD CONSTRAINT `fk_trous_parcours` FOREIGN KEY (`parcoursId`) REFERENCES `parcours` (`idParcours`);
COMMIT;

/*!40101 SET CHARACTER_SET_CLIENT=@OLD_CHARACTER_SET_CLIENT */;
/*!40101 SET CHARACTER_SET_RESULTS=@OLD_CHARACTER_SET_RESULTS */;
/*!40101 SET COLLATION_CONNECTION=@OLD_COLLATION_CONNECTION */;
